-- Hospital / Clinic SQL Practice Dataset
-- Safer MySQL script: simple names, ordered inserts, no CSV import needed
DROP DATABASE IF EXISTS sql_practice_hospital;
CREATE DATABASE sql_practice_hospital;
USE sql_practice_hospital;

SET FOREIGN_KEY_CHECKS = 0;
DROP TABLE IF EXISTS prescriptions;
DROP TABLE IF EXISTS payments;
DROP TABLE IF EXISTS appointments;
DROP TABLE IF EXISTS doctors;
DROP TABLE IF EXISTS patients;

CREATE TABLE patients (
    patient_id INT PRIMARY KEY,
    first_name VARCHAR(50) NOT NULL,
    last_name VARCHAR(50) NOT NULL,
    gender VARCHAR(10) NOT NULL,
    date_of_birth DATE NOT NULL,
    city VARCHAR(50) NOT NULL,
    state VARCHAR(50) NOT NULL,
    registration_date DATE NOT NULL
);

CREATE TABLE doctors (
    doctor_id INT PRIMARY KEY,
    doctor_name VARCHAR(100) NOT NULL,
    specialty VARCHAR(50) NOT NULL,
    department VARCHAR(50) NOT NULL,
    consultation_fee DECIMAL(10,2) NOT NULL
);

CREATE TABLE appointments (
    appointment_id INT PRIMARY KEY,
    patient_id INT NOT NULL,
    doctor_id INT NOT NULL,
    appointment_date DATE NOT NULL,
    appointment_status VARCHAR(20) NOT NULL,
    diagnosis_cost DECIMAL(10,2) NOT NULL,
    FOREIGN KEY (patient_id) REFERENCES patients(patient_id),
    FOREIGN KEY (doctor_id) REFERENCES doctors(doctor_id)
);

CREATE TABLE payments (
    payment_id INT PRIMARY KEY,
    appointment_id INT NOT NULL,
    payment_date DATE NOT NULL,
    payment_method VARCHAR(20) NOT NULL,
    payment_status VARCHAR(20) NOT NULL,
    amount DECIMAL(10,2) NOT NULL,
    FOREIGN KEY (appointment_id) REFERENCES appointments(appointment_id)
);

CREATE TABLE prescriptions (
    prescription_id INT PRIMARY KEY,
    appointment_id INT NOT NULL,
    medicine_name VARCHAR(100) NOT NULL,
    dosage VARCHAR(100) NOT NULL,
    days_count INT NOT NULL,
    FOREIGN KEY (appointment_id) REFERENCES appointments(appointment_id)
);
SET FOREIGN_KEY_CHECKS = 1;

INSERT INTO patients (patient_id, first_name, last_name, gender, date_of_birth, city, state, registration_date) VALUES
(1, 'Vihaan', 'Reddy', 'Male', '1992-12-16', 'Kolkata', 'West Bengal', '2023-07-30'),
(2, 'Zara', 'Sheikh', 'Other', '1988-11-13', 'Kolkata', 'West Bengal', '2025-10-02'),
(3, 'Aarohi', 'Singh', 'Male', '1997-07-21', 'Ahmedabad', 'Gujarat', '2023-06-15'),
(4, 'Kabir', 'Gupta', 'Other', '1970-07-08', 'Jaipur', 'Rajasthan', '2025-10-01'),
(5, 'Anaya', 'Iyer', 'Female', '1981-04-13', 'Chennai', 'Tamil Nadu', '2024-12-13'),
(6, 'Aadhya', 'Bose', 'Male', '2002-06-09', 'Mumbai', 'Maharashtra', '2024-11-28'),
(7, 'Kavya', 'Yadav', 'Male', '1982-11-26', 'Bengaluru', 'Karnataka', '2025-07-25'),
(8, 'Fatima', 'Kapoor', 'Female', '2001-11-20', 'Ahmedabad', 'Gujarat', '2025-01-25'),
(9, 'Aarohi', 'Mishra', 'Male', '1987-11-21', 'Mumbai', 'Maharashtra', '2025-10-17'),
(10, 'Myra', 'Bose', 'Other', '1992-01-11', 'Surat', 'Gujarat', '2025-03-26'),
(11, 'Ishaan', 'Mishra', 'Other', '1991-07-01', 'Surat', 'Gujarat', '2025-11-16'),
(12, 'Aarav', 'Malik', 'Male', '2004-05-09', 'Delhi', 'Delhi', '2023-09-22'),
(13, 'Meera', 'Gupta', 'Male', '1989-04-06', 'Surat', 'Gujarat', '2025-08-20'),
(14, 'Sara', 'Singh', 'Other', '1998-02-10', 'Mumbai', 'Maharashtra', '2025-07-24'),
(15, 'Sara', 'Yadav', 'Other', '1995-02-10', 'Bengaluru', 'Karnataka', '2025-04-03'),
(16, 'Kabir', 'Yadav', 'Female', '2001-04-29', 'Kolkata', 'West Bengal', '2025-09-07'),
(17, 'Myra', 'Iyer', 'Male', '2007-04-25', 'Bengaluru', 'Karnataka', '2024-07-04'),
(18, 'Vivaan', 'Verma', 'Female', '1990-07-22', 'Surat', 'Gujarat', '2025-12-06'),
(19, 'Diya', 'Iyer', 'Female', '2001-01-26', 'Bengaluru', 'Karnataka', '2025-09-21'),
(20, 'Meera', 'Jain', 'Female', '1995-01-09', 'Chennai', 'Tamil Nadu', '2023-03-10'),
(21, 'Anaya', 'Chopra', 'Female', '1989-09-01', 'Mumbai', 'Maharashtra', '2025-11-21'),
(22, 'Aarohi', 'Nair', 'Male', '2007-10-16', 'Chennai', 'Tamil Nadu', '2025-09-08'),
(23, 'Ishaan', 'Jain', 'Other', '1974-05-03', 'Hyderabad', 'Telangana', '2024-02-03'),
(24, 'Myra', 'Verma', 'Male', '1970-08-18', 'Jaipur', 'Rajasthan', '2023-07-08'),
(25, 'Aarohi', 'Malik', 'Other', '2007-07-08', 'Kolkata', 'West Bengal', '2023-06-20'),
(26, 'Sai', 'Singh', 'Other', '1997-11-10', 'Mumbai', 'Maharashtra', '2023-04-02'),
(27, 'Ishaan', 'Mehta', 'Other', '1970-03-26', 'Pune', 'Maharashtra', '2024-10-03'),
(28, 'Fatima', 'Malik', 'Other', '2000-12-09', 'Jaipur', 'Rajasthan', '2023-10-04'),
(29, 'Krishna', 'Jain', 'Female', '1975-11-20', 'Surat', 'Gujarat', '2025-10-30'),
(30, 'Aditya', 'Mishra', 'Other', '1976-01-27', 'Pune', 'Maharashtra', '2024-09-18'),
(31, 'Myra', 'Das', 'Female', '1993-04-30', 'Pune', 'Maharashtra', '2024-02-07'),
(32, 'Aarav', 'Gupta', 'Female', '1973-04-18', 'Chennai', 'Tamil Nadu', '2023-04-16'),
(33, 'Diya', 'Sharma', 'Female', '1992-11-23', 'Ahmedabad', 'Gujarat', '2025-09-01'),
(34, 'Kabir', 'Chopra', 'Female', '1975-06-12', 'Hyderabad', 'Telangana', '2025-10-16'),
(35, 'Fatima', 'Sheikh', 'Male', '1976-11-26', 'Pune', 'Maharashtra', '2025-11-30'),
(36, 'Myra', 'Sheikh', 'Other', '1990-08-01', 'Hyderabad', 'Telangana', '2024-04-22'),
(37, 'Aditya', 'Yadav', 'Other', '1971-07-14', 'Chennai', 'Tamil Nadu', '2024-02-05'),
(38, 'Reyansh', 'Patel', 'Female', '2007-08-20', 'Kolkata', 'West Bengal', '2023-04-09'),
(39, 'Sai', 'Jain', 'Male', '1975-10-17', 'Ahmedabad', 'Gujarat', '2025-12-21'),
(40, 'Meera', 'Verma', 'Female', '1999-08-30', 'Pune', 'Maharashtra', '2024-01-16'),
(41, 'Ishaan', 'Mishra', 'Female', '1988-07-29', 'Kolkata', 'West Bengal', '2023-06-11'),
(42, 'Kabir', 'Nair', 'Female', '1977-11-02', 'Hyderabad', 'Telangana', '2024-06-23'),
(43, 'Sara', 'Mishra', 'Female', '1990-12-24', 'Bengaluru', 'Karnataka', '2023-12-29'),
(44, 'Meera', 'Jain', 'Other', '1975-05-22', 'Jaipur', 'Rajasthan', '2025-12-15'),
(45, 'Ishaan', 'Gupta', 'Male', '1980-05-18', 'Delhi', 'Delhi', '2023-01-11'),
(46, 'Aarohi', 'Reddy', 'Male', '1994-06-14', 'Chennai', 'Tamil Nadu', '2024-01-09'),
(47, 'Diya', 'Nair', 'Male', '1995-03-18', 'Hyderabad', 'Telangana', '2024-03-19'),
(48, 'Zara', 'Joshi', 'Other', '2003-09-13', 'Kolkata', 'West Bengal', '2024-03-15'),
(49, 'Kabir', 'Malik', 'Male', '2000-01-26', 'Bengaluru', 'Karnataka', '2023-09-29'),
(50, 'Ishaan', 'Gupta', 'Other', '1977-09-07', 'Chennai', 'Tamil Nadu', '2023-08-06'),
(51, 'Vivaan', 'Mehta', 'Other', '1998-12-23', 'Pune', 'Maharashtra', '2023-08-06'),
(52, 'Anaya', 'Joshi', 'Female', '2007-07-25', 'Surat', 'Gujarat', '2023-05-11'),
(53, 'Anaya', 'Nair', 'Male', '1981-06-28', 'Bengaluru', 'Karnataka', '2023-05-09'),
(54, 'Myra', 'Joshi', 'Male', '1970-09-10', 'Chennai', 'Tamil Nadu', '2023-04-28'),
(55, 'Krishna', 'Sharma', 'Other', '1975-07-09', 'Bengaluru', 'Karnataka', '2023-07-12'),
(56, 'Kavya', 'Malik', 'Other', '1984-02-17', 'Hyderabad', 'Telangana', '2025-07-22'),
(57, 'Zara', 'Patel', 'Other', '1984-03-06', 'Chennai', 'Tamil Nadu', '2024-03-17'),
(58, 'Aarohi', 'Mishra', 'Other', '2000-10-17', 'Mumbai', 'Maharashtra', '2025-02-05'),
(59, 'Ishaan', 'Das', 'Male', '2006-08-22', 'Bengaluru', 'Karnataka', '2024-12-30'),
(60, 'Myra', 'Sharma', 'Female', '2001-03-10', 'Bengaluru', 'Karnataka', '2024-11-07'),
(61, 'Vihaan', 'Kapoor', 'Other', '1984-04-21', 'Chennai', 'Tamil Nadu', '2023-02-11'),
(62, 'Anaya', 'Iyer', 'Male', '1972-07-08', 'Kolkata', 'West Bengal', '2023-08-19'),
(63, 'Zara', 'Gupta', 'Other', '1971-09-04', 'Mumbai', 'Maharashtra', '2023-09-15'),
(64, 'Diya', 'Sheikh', 'Other', '1971-04-17', 'Bengaluru', 'Karnataka', '2025-05-19'),
(65, 'Arjun', 'Mehta', 'Male', '1987-03-26', 'Chennai', 'Tamil Nadu', '2025-02-11'),
(66, 'Myra', 'Singh', 'Other', '1978-03-25', 'Pune', 'Maharashtra', '2023-02-28'),
(67, 'Kavya', 'Yadav', 'Male', '1981-06-09', 'Chennai', 'Tamil Nadu', '2023-10-30'),
(68, 'Aarav', 'Sharma', 'Female', '1994-04-11', 'Bengaluru', 'Karnataka', '2025-09-07'),
(69, 'Ishaan', 'Reddy', 'Male', '1998-02-12', 'Pune', 'Maharashtra', '2023-07-03'),
(70, 'Kavya', 'Patel', 'Female', '2006-10-11', 'Kolkata', 'West Bengal', '2024-06-27'),
(71, 'Meera', 'Reddy', 'Other', '1999-07-06', 'Ahmedabad', 'Gujarat', '2023-01-24'),
(72, 'Krishna', 'Jain', 'Male', '1979-12-14', 'Ahmedabad', 'Gujarat', '2025-11-07'),
(73, 'Aadhya', 'Mehta', 'Female', '1995-03-12', 'Delhi', 'Delhi', '2024-07-18'),
(74, 'Sai', 'Mehta', 'Other', '1990-08-08', 'Hyderabad', 'Telangana', '2025-07-26'),
(75, 'Sara', 'Malik', 'Other', '1978-06-06', 'Bengaluru', 'Karnataka', '2023-11-21'),
(76, 'Myra', 'Verma', 'Other', '1970-03-29', 'Jaipur', 'Rajasthan', '2024-12-26'),
(77, 'Myra', 'Patel', 'Female', '1973-10-11', 'Pune', 'Maharashtra', '2024-09-04'),
(78, 'Kavya', 'Joshi', 'Male', '2002-01-22', 'Pune', 'Maharashtra', '2023-07-26'),
(79, 'Kavya', 'Iyer', 'Female', '1983-10-05', 'Surat', 'Gujarat', '2023-04-02'),
(80, 'Aadhya', 'Yadav', 'Other', '2006-06-05', 'Kolkata', 'West Bengal', '2023-11-20'),
(81, 'Vihaan', 'Khan', 'Female', '2002-11-11', 'Pune', 'Maharashtra', '2025-03-08'),
(82, 'Kavya', 'Joshi', 'Male', '1971-11-13', 'Bengaluru', 'Karnataka', '2024-01-24'),
(83, 'Kabir', 'Kapoor', 'Male', '1982-10-23', 'Kolkata', 'West Bengal', '2025-01-01'),
(84, 'Aadhya', 'Iyer', 'Female', '1997-03-07', 'Ahmedabad', 'Gujarat', '2025-09-10'),
(85, 'Diya', 'Yadav', 'Male', '2002-05-21', 'Pune', 'Maharashtra', '2025-11-23'),
(86, 'Reyansh', 'Reddy', 'Male', '1976-06-29', 'Kolkata', 'West Bengal', '2023-12-02'),
(87, 'Vihaan', 'Bose', 'Male', '2007-10-07', 'Ahmedabad', 'Gujarat', '2025-02-06'),
(88, 'Diya', 'Kapoor', 'Other', '1993-11-14', 'Delhi', 'Delhi', '2023-11-12'),
(89, 'Zara', 'Singh', 'Female', '1974-10-08', 'Pune', 'Maharashtra', '2024-10-30'),
(90, 'Vihaan', 'Khan', 'Other', '1981-10-11', 'Chennai', 'Tamil Nadu', '2024-09-09'),
(91, 'Vihaan', 'Mehta', 'Other', '1992-05-16', 'Jaipur', 'Rajasthan', '2023-09-05'),
(92, 'Meera', 'Singh', 'Other', '2000-08-30', 'Hyderabad', 'Telangana', '2025-07-22'),
(93, 'Diya', 'Khan', 'Female', '2004-12-11', 'Mumbai', 'Maharashtra', '2023-06-29'),
(94, 'Kabir', 'Joshi', 'Female', '1977-07-21', 'Delhi', 'Delhi', '2024-10-27'),
(95, 'Meera', 'Yadav', 'Female', '1984-06-23', 'Hyderabad', 'Telangana', '2025-10-07'),
(96, 'Anaya', 'Nair', 'Male', '2006-03-04', 'Delhi', 'Delhi', '2025-08-06'),
(97, 'Diya', 'Mehta', 'Male', '2007-04-22', 'Chennai', 'Tamil Nadu', '2025-02-20'),
(98, 'Arjun', 'Chopra', 'Female', '1999-06-19', 'Surat', 'Gujarat', '2023-09-19'),
(99, 'Ishaan', 'Reddy', 'Female', '1984-05-10', 'Mumbai', 'Maharashtra', '2024-06-29'),
(100, 'Ishaan', 'Verma', 'Male', '1998-02-13', 'Kolkata', 'West Bengal', '2024-07-03'),
(101, 'Anaya', 'Verma', 'Female', '2004-08-25', 'Kolkata', 'West Bengal', '2023-09-10'),
(102, 'Kabir', 'Malik', 'Female', '1998-05-28', 'Jaipur', 'Rajasthan', '2025-04-01'),
(103, 'Aarav', 'Yadav', 'Female', '2000-03-28', 'Hyderabad', 'Telangana', '2025-04-18'),
(104, 'Vihaan', 'Jain', 'Female', '1993-03-06', 'Kolkata', 'West Bengal', '2024-03-05'),
(105, 'Diya', 'Reddy', 'Male', '1987-12-07', 'Ahmedabad', 'Gujarat', '2023-12-21'),
(106, 'Ishaan', 'Yadav', 'Other', '1975-11-10', 'Bengaluru', 'Karnataka', '2024-11-15'),
(107, 'Zara', 'Mishra', 'Male', '1991-08-31', 'Jaipur', 'Rajasthan', '2024-11-24'),
(108, 'Vivaan', 'Singh', 'Female', '1999-08-21', 'Mumbai', 'Maharashtra', '2024-07-04'),
(109, 'Aarav', 'Iyer', 'Other', '1993-02-05', 'Jaipur', 'Rajasthan', '2024-07-21'),
(110, 'Diya', 'Khan', 'Other', '2001-01-22', 'Kolkata', 'West Bengal', '2024-01-20'),
(111, 'Aarav', 'Gupta', 'Female', '1984-10-20', 'Pune', 'Maharashtra', '2024-03-25'),
(112, 'Sai', 'Sheikh', 'Male', '2001-08-25', 'Pune', 'Maharashtra', '2024-09-25'),
(113, 'Fatima', 'Mishra', 'Male', '2000-07-21', 'Kolkata', 'West Bengal', '2023-09-30'),
(114, 'Aarav', 'Joshi', 'Other', '1971-12-30', 'Chennai', 'Tamil Nadu', '2024-01-15'),
(115, 'Meera', 'Singh', 'Female', '1999-07-06', 'Jaipur', 'Rajasthan', '2024-11-29'),
(116, 'Diya', 'Reddy', 'Female', '1991-07-09', 'Surat', 'Gujarat', '2024-06-06'),
(117, 'Anaya', 'Joshi', 'Male', '1998-11-14', 'Ahmedabad', 'Gujarat', '2025-09-30'),
(118, 'Aarav', 'Jain', 'Male', '1981-05-22', 'Hyderabad', 'Telangana', '2025-08-12'),
(119, 'Diya', 'Joshi', 'Female', '2007-10-13', 'Kolkata', 'West Bengal', '2025-03-30'),
(120, 'Sai', 'Malik', 'Male', '2006-07-22', 'Ahmedabad', 'Gujarat', '2025-04-21'),
(121, 'Meera', 'Yadav', 'Other', '1991-08-25', 'Bengaluru', 'Karnataka', '2023-07-05'),
(122, 'Meera', 'Sheikh', 'Other', '1991-12-12', 'Hyderabad', 'Telangana', '2024-10-13'),
(123, 'Anaya', 'Mehta', 'Female', '1973-07-03', 'Pune', 'Maharashtra', '2023-12-24'),
(124, 'Meera', 'Bose', 'Other', '1998-04-14', 'Chennai', 'Tamil Nadu', '2023-08-06'),
(125, 'Sai', 'Sharma', 'Female', '1980-10-21', 'Jaipur', 'Rajasthan', '2024-03-05'),
(126, 'Meera', 'Bose', 'Female', '1993-01-16', 'Pune', 'Maharashtra', '2024-03-08'),
(127, 'Sara', 'Verma', 'Female', '2000-06-08', 'Kolkata', 'West Bengal', '2024-10-29'),
(128, 'Aadhya', 'Yadav', 'Male', '2002-07-29', 'Surat', 'Gujarat', '2024-01-23'),
(129, 'Zara', 'Yadav', 'Male', '2002-09-09', 'Pune', 'Maharashtra', '2023-10-22'),
(130, 'Fatima', 'Patel', 'Male', '1982-07-30', 'Ahmedabad', 'Gujarat', '2024-09-05'),
(131, 'Arjun', 'Joshi', 'Male', '2001-01-31', 'Kolkata', 'West Bengal', '2024-12-31'),
(132, 'Aarohi', 'Nair', 'Male', '2001-01-31', 'Pune', 'Maharashtra', '2023-04-20'),
(133, 'Arjun', 'Mishra', 'Female', '1991-12-20', 'Surat', 'Gujarat', '2023-03-01'),
(134, 'Krishna', 'Bose', 'Female', '1994-05-07', 'Hyderabad', 'Telangana', '2023-07-08'),
(135, 'Myra', 'Verma', 'Male', '1976-07-14', 'Hyderabad', 'Telangana', '2025-11-06'),
(136, 'Sara', 'Sharma', 'Other', '1974-03-31', 'Ahmedabad', 'Gujarat', '2024-12-23'),
(137, 'Ishaan', 'Reddy', 'Male', '1977-05-07', 'Ahmedabad', 'Gujarat', '2025-10-27'),
(138, 'Aditya', 'Mishra', 'Male', '1978-12-12', 'Chennai', 'Tamil Nadu', '2023-12-16'),
(139, 'Krishna', 'Jain', 'Other', '1986-09-14', 'Delhi', 'Delhi', '2023-11-21'),
(140, 'Myra', 'Mishra', 'Female', '1986-04-17', 'Jaipur', 'Rajasthan', '2024-03-04'),
(141, 'Aarohi', 'Yadav', 'Male', '1991-08-12', 'Surat', 'Gujarat', '2023-07-07'),
(142, 'Sai', 'Gupta', 'Male', '1985-11-16', 'Mumbai', 'Maharashtra', '2023-11-20'),
(143, 'Reyansh', 'Iyer', 'Male', '1978-06-29', 'Chennai', 'Tamil Nadu', '2025-05-26'),
(144, 'Kavya', 'Verma', 'Female', '1982-11-18', 'Bengaluru', 'Karnataka', '2025-01-17'),
(145, 'Aarav', 'Jain', 'Female', '1990-08-23', 'Kolkata', 'West Bengal', '2024-07-13'),
(146, 'Sara', 'Verma', 'Other', '2005-08-02', 'Mumbai', 'Maharashtra', '2023-10-22'),
(147, 'Krishna', 'Mehta', 'Other', '1986-12-06', 'Jaipur', 'Rajasthan', '2023-04-09'),
(148, 'Kavya', 'Reddy', 'Female', '2000-08-05', 'Bengaluru', 'Karnataka', '2023-06-11'),
(149, 'Aarohi', 'Mehta', 'Other', '2007-01-19', 'Kolkata', 'West Bengal', '2025-12-12'),
(150, 'Vihaan', 'Joshi', 'Other', '1971-09-02', 'Bengaluru', 'Karnataka', '2023-06-14'),
(151, 'Vivaan', 'Khan', 'Female', '1990-04-18', 'Kolkata', 'West Bengal', '2023-08-11'),
(152, 'Fatima', 'Chopra', 'Male', '1991-06-21', 'Surat', 'Gujarat', '2023-02-14'),
(153, 'Anaya', 'Verma', 'Male', '1974-09-19', 'Ahmedabad', 'Gujarat', '2025-03-13'),
(154, 'Reyansh', 'Yadav', 'Other', '1970-10-26', 'Bengaluru', 'Karnataka', '2023-04-05'),
(155, 'Aditya', 'Sheikh', 'Other', '1975-05-15', 'Kolkata', 'West Bengal', '2024-11-16'),
(156, 'Arjun', 'Kapoor', 'Other', '1980-11-09', 'Jaipur', 'Rajasthan', '2024-10-21'),
(157, 'Aarohi', 'Singh', 'Female', '1980-09-11', 'Chennai', 'Tamil Nadu', '2025-11-18'),
(158, 'Myra', 'Patel', 'Female', '1981-03-07', 'Jaipur', 'Rajasthan', '2024-01-13'),
(159, 'Sai', 'Gupta', 'Female', '1991-05-14', 'Surat', 'Gujarat', '2025-02-20'),
(160, 'Meera', 'Sharma', 'Other', '1979-10-21', 'Jaipur', 'Rajasthan', '2025-02-26'),
(161, 'Vivaan', 'Bose', 'Female', '2005-03-12', 'Jaipur', 'Rajasthan', '2023-10-15'),
(162, 'Krishna', 'Bose', 'Other', '1981-12-28', 'Hyderabad', 'Telangana', '2025-06-03'),
(163, 'Fatima', 'Sharma', 'Male', '1997-01-05', 'Hyderabad', 'Telangana', '2025-11-30'),
(164, 'Meera', 'Gupta', 'Other', '1986-07-13', 'Surat', 'Gujarat', '2024-03-20'),
(165, 'Aditya', 'Yadav', 'Male', '1990-07-07', 'Pune', 'Maharashtra', '2025-04-10'),
(166, 'Vihaan', 'Mishra', 'Male', '1970-04-05', 'Chennai', 'Tamil Nadu', '2024-05-15'),
(167, 'Vivaan', 'Joshi', 'Female', '1993-07-16', 'Pune', 'Maharashtra', '2024-06-29'),
(168, 'Aditya', 'Joshi', 'Other', '1971-08-19', 'Pune', 'Maharashtra', '2024-03-23'),
(169, 'Kavya', 'Gupta', 'Female', '1994-08-29', 'Jaipur', 'Rajasthan', '2023-03-14'),
(170, 'Aarohi', 'Bose', 'Male', '1978-07-11', 'Ahmedabad', 'Gujarat', '2025-09-13'),
(171, 'Kabir', 'Khan', 'Female', '1999-03-30', 'Pune', 'Maharashtra', '2023-05-15'),
(172, 'Sai', 'Sharma', 'Female', '1997-09-17', 'Bengaluru', 'Karnataka', '2023-03-31'),
(173, 'Ishaan', 'Khan', 'Other', '1977-07-08', 'Kolkata', 'West Bengal', '2025-11-24'),
(174, 'Kavya', 'Singh', 'Other', '2006-10-17', 'Jaipur', 'Rajasthan', '2023-04-20'),
(175, 'Diya', 'Singh', 'Male', '1987-08-18', 'Kolkata', 'West Bengal', '2025-08-08'),
(176, 'Krishna', 'Patel', 'Other', '1988-07-19', 'Ahmedabad', 'Gujarat', '2025-03-01'),
(177, 'Aditya', 'Chopra', 'Male', '1978-01-03', 'Surat', 'Gujarat', '2023-12-18'),
(178, 'Reyansh', 'Yadav', 'Female', '1992-08-24', 'Delhi', 'Delhi', '2024-11-21'),
(179, 'Ishaan', 'Nair', 'Female', '1974-02-23', 'Jaipur', 'Rajasthan', '2023-02-08'),
(180, 'Aditya', 'Verma', 'Female', '1993-03-08', 'Surat', 'Gujarat', '2024-05-13'),
(181, 'Arjun', 'Reddy', 'Male', '1992-03-15', 'Pune', 'Maharashtra', '2023-08-25'),
(182, 'Aarav', 'Das', 'Other', '2001-04-23', 'Mumbai', 'Maharashtra', '2025-10-16'),
(183, 'Myra', 'Malik', 'Male', '1992-12-24', 'Hyderabad', 'Telangana', '2024-12-30'),
(184, 'Fatima', 'Sharma', 'Female', '1980-09-04', 'Bengaluru', 'Karnataka', '2023-08-25'),
(185, 'Krishna', 'Kapoor', 'Female', '2000-04-19', 'Surat', 'Gujarat', '2024-01-03'),
(186, 'Kavya', 'Sharma', 'Other', '1985-05-14', 'Ahmedabad', 'Gujarat', '2023-12-26'),
(187, 'Aarohi', 'Malik', 'Male', '1980-11-19', 'Mumbai', 'Maharashtra', '2025-08-23'),
(188, 'Zara', 'Bose', 'Male', '1975-01-28', 'Jaipur', 'Rajasthan', '2023-05-19'),
(189, 'Aarav', 'Sheikh', 'Female', '1983-12-15', 'Kolkata', 'West Bengal', '2023-10-30'),
(190, 'Ishaan', 'Sharma', 'Male', '1997-04-18', 'Jaipur', 'Rajasthan', '2024-08-28'),
(191, 'Aadhya', 'Sharma', 'Male', '1996-05-05', 'Jaipur', 'Rajasthan', '2023-09-06'),
(192, 'Krishna', 'Reddy', 'Female', '2006-04-28', 'Jaipur', 'Rajasthan', '2023-05-20'),
(193, 'Ishaan', 'Chopra', 'Female', '2002-08-27', 'Jaipur', 'Rajasthan', '2024-09-01'),
(194, 'Aarohi', 'Sheikh', 'Female', '1991-01-23', 'Chennai', 'Tamil Nadu', '2024-08-30'),
(195, 'Reyansh', 'Gupta', 'Male', '1994-07-31', 'Surat', 'Gujarat', '2023-03-04'),
(196, 'Sai', 'Kapoor', 'Male', '1980-02-01', 'Chennai', 'Tamil Nadu', '2024-10-28'),
(197, 'Vihaan', 'Singh', 'Other', '1975-10-06', 'Chennai', 'Tamil Nadu', '2024-11-17'),
(198, 'Kavya', 'Das', 'Other', '1997-08-26', 'Delhi', 'Delhi', '2024-09-12'),
(199, 'Kavya', 'Das', 'Male', '1985-08-05', 'Bengaluru', 'Karnataka', '2025-07-15'),
(200, 'Reyansh', 'Bose', 'Female', '1971-09-06', 'Bengaluru', 'Karnataka', '2024-02-05');

INSERT INTO doctors (doctor_id, doctor_name, specialty, department, consultation_fee) VALUES
(1, 'Dr. Reyansh Mishra', 'Orthopedics', 'Pediatrics', 1780.10),
(2, 'Dr. Sara Patel', 'Neurology', 'ICU', 354.24),
(3, 'Dr. Zara Bose', 'ENT', 'Diagnostics', 746.92),
(4, 'Dr. Myra Singh', 'Neurology', 'ICU', 1546.60),
(5, 'Dr. Zara Bose', 'ENT', 'Surgery', 1426.86),
(6, 'Dr. Meera Singh', 'Cardiology', 'Pediatrics', 1088.52),
(7, 'Dr. Aadhya Sheikh', 'ENT', 'Emergency', 1138.82),
(8, 'Dr. Aadhya Mehta', 'Cardiology', 'OPD', 654.19),
(9, 'Dr. Reyansh Jain', 'General Medicine', 'Pediatrics', 1796.25),
(10, 'Dr. Reyansh Mishra', 'Pediatrics', 'Surgery', 346.61),
(11, 'Dr. Aditya Gupta', 'Dermatology', 'Emergency', 896.32),
(12, 'Dr. Aarohi Sheikh', 'ENT', 'ICU', 1073.89),
(13, 'Dr. Vihaan Mishra', 'Pediatrics', 'Surgery', 765.91),
(14, 'Dr. Aarav Gupta', 'Dermatology', 'Surgery', 1288.32),
(15, 'Dr. Aarohi Mishra', 'Dermatology', 'ICU', 458.22),
(16, 'Dr. Sai Yadav', 'Gynecology', 'Surgery', 1191.67),
(17, 'Dr. Vihaan Khan', 'ENT', 'Emergency', 524.10),
(18, 'Dr. Aarohi Gupta', 'General Medicine', 'Emergency', 436.75),
(19, 'Dr. Aarohi Mishra', 'Dermatology', 'Pediatrics', 1046.81),
(20, 'Dr. Aarohi Jain', 'ENT', 'ICU', 447.81),
(21, 'Dr. Vivaan Mishra', 'Orthopedics', 'Pediatrics', 1260.44),
(22, 'Dr. Ishaan Yadav', 'Pediatrics', 'Pediatrics', 463.46),
(23, 'Dr. Reyansh Sharma', 'Orthopedics', 'Diagnostics', 1209.57),
(24, 'Dr. Kabir Joshi', 'General Medicine', 'OPD', 1342.29),
(25, 'Dr. Diya Khan', 'General Medicine', 'ICU', 424.16),
(26, 'Dr. Zara Joshi', 'ENT', 'Pediatrics', 1586.77),
(27, 'Dr. Fatima Kapoor', 'Pediatrics', 'ICU', 1537.20),
(28, 'Dr. Meera Nair', 'General Medicine', 'Surgery', 351.08),
(29, 'Dr. Zara Joshi', 'Gynecology', 'Surgery', 920.11),
(30, 'Dr. Ishaan Iyer', 'Gynecology', 'Emergency', 836.73);

INSERT INTO appointments (appointment_id, patient_id, doctor_id, appointment_date, appointment_status, diagnosis_cost) VALUES
(1, 133, 10, '2024-09-28', 'Completed', 3052.80),
(2, 64, 1, '2024-07-21', 'Completed', 1181.72),
(3, 82, 24, '2025-10-15', 'Completed', 1177.54),
(4, 166, 14, '2025-09-18', 'Completed', 1317.18),
(5, 28, 12, '2025-03-16', 'No Show', 1585.11),
(6, 84, 19, '2025-01-21', 'Completed', 2662.20),
(7, 99, 24, '2024-12-25', 'No Show', 2738.17),
(8, 3, 12, '2025-02-27', 'Completed', 2111.16),
(9, 182, 10, '2025-07-07', 'Scheduled', 2776.29),
(10, 30, 25, '2024-12-04', 'Completed', 1343.76),
(11, 182, 9, '2024-01-03', 'Completed', 201.84),
(12, 59, 6, '2024-02-20', 'Cancelled', 3273.00),
(13, 159, 18, '2025-04-12', 'Completed', 2143.84),
(14, 133, 21, '2025-09-24', 'Completed', 444.29),
(15, 108, 8, '2024-04-29', 'Cancelled', 233.85),
(16, 27, 26, '2024-03-14', 'Scheduled', 3060.36),
(17, 185, 13, '2024-02-07', 'Completed', 3395.60),
(18, 144, 24, '2024-01-25', 'No Show', 3017.48),
(19, 105, 30, '2025-01-14', 'Completed', 2921.23),
(20, 113, 7, '2024-02-22', 'Completed', 523.49),
(21, 164, 30, '2025-07-03', 'Completed', 1390.19),
(22, 13, 3, '2025-04-09', 'Scheduled', 1444.05),
(23, 123, 15, '2025-10-12', 'Cancelled', 2745.48),
(24, 74, 25, '2024-04-06', 'No Show', 1504.13),
(25, 70, 24, '2025-04-18', 'Completed', 527.61),
(26, 83, 6, '2025-12-07', 'Completed', 3102.92),
(27, 50, 15, '2025-01-30', 'Completed', 1368.20),
(28, 20, 28, '2024-01-11', 'Completed', 2345.09),
(29, 71, 18, '2024-08-12', 'Completed', 896.45),
(30, 78, 18, '2025-07-29', 'Completed', 1902.31),
(31, 177, 8, '2025-04-20', 'Completed', 2752.88),
(32, 36, 6, '2024-06-02', 'Completed', 882.14),
(33, 31, 13, '2024-09-14', 'Completed', 1648.14),
(34, 49, 7, '2024-07-01', 'Scheduled', 1657.96),
(35, 164, 20, '2024-05-18', 'Cancelled', 1004.45),
(36, 137, 2, '2025-07-22', 'Completed', 3274.29),
(37, 185, 9, '2025-04-30', 'Cancelled', 119.12),
(38, 79, 5, '2024-10-01', 'Completed', 3112.95),
(39, 183, 4, '2024-07-31', 'Completed', 904.50),
(40, 174, 27, '2025-02-28', 'Completed', 1106.73),
(41, 77, 5, '2025-12-19', 'Scheduled', 165.75),
(42, 18, 10, '2025-03-21', 'Completed', 705.18),
(43, 52, 30, '2025-07-07', 'Completed', 3445.65),
(44, 52, 1, '2025-10-03', 'Scheduled', 328.23),
(45, 128, 17, '2025-02-25', 'Cancelled', 1892.14),
(46, 158, 8, '2024-02-13', 'Completed', 2366.37),
(47, 184, 16, '2025-12-02', 'Completed', 1501.33),
(48, 161, 21, '2024-12-16', 'Scheduled', 706.48),
(49, 66, 18, '2025-10-11', 'Completed', 2791.62),
(50, 138, 28, '2024-03-23', 'Cancelled', 3104.27),
(51, 6, 14, '2025-04-21', 'Scheduled', 183.09),
(52, 154, 2, '2025-04-28', 'Completed', 2308.31),
(53, 104, 4, '2025-12-31', 'Scheduled', 3017.40),
(54, 32, 9, '2024-04-30', 'Completed', 789.45),
(55, 54, 9, '2024-08-06', 'Completed', 2397.39),
(56, 32, 2, '2025-06-24', 'Completed', 604.35),
(57, 165, 5, '2024-07-22', 'Cancelled', 1055.44),
(58, 79, 25, '2025-03-17', 'Completed', 2874.03),
(59, 143, 14, '2024-07-24', 'Completed', 1315.67),
(60, 95, 28, '2024-08-08', 'Completed', 2584.59),
(61, 147, 25, '2025-12-22', 'Scheduled', 916.27),
(62, 82, 23, '2024-09-01', 'No Show', 2825.59),
(63, 85, 18, '2024-04-01', 'Scheduled', 2588.89),
(64, 48, 3, '2025-04-16', 'Completed', 2526.27),
(65, 58, 30, '2024-11-12', 'Cancelled', 1632.78),
(66, 117, 2, '2024-10-07', 'Scheduled', 2522.17),
(67, 75, 23, '2024-04-03', 'Cancelled', 965.59),
(68, 200, 15, '2024-12-10', 'Cancelled', 235.57),
(69, 100, 29, '2025-06-21', 'Completed', 2606.59),
(70, 108, 3, '2024-05-02', 'Cancelled', 980.51),
(71, 181, 2, '2025-06-18', 'Scheduled', 865.00),
(72, 84, 26, '2025-08-13', 'Scheduled', 3322.12),
(73, 68, 20, '2025-11-20', 'Completed', 2378.37),
(74, 44, 19, '2024-10-07', 'No Show', 974.55),
(75, 133, 25, '2024-03-17', 'No Show', 451.00),
(76, 69, 13, '2024-01-09', 'Completed', 3371.14),
(77, 159, 12, '2025-02-17', 'No Show', 2415.74),
(78, 190, 18, '2024-01-01', 'Completed', 3093.66),
(79, 184, 2, '2025-10-03', 'Completed', 458.74),
(80, 6, 16, '2024-02-22', 'No Show', 2076.74),
(81, 28, 15, '2024-02-22', 'Completed', 2812.53),
(82, 40, 16, '2024-07-24', 'Scheduled', 135.77),
(83, 116, 2, '2024-07-23', 'Completed', 1838.40),
(84, 129, 16, '2025-04-04', 'Cancelled', 2430.46),
(85, 25, 29, '2025-03-06', 'Scheduled', 1399.29),
(86, 20, 29, '2024-04-17', 'Completed', 834.03),
(87, 22, 3, '2024-01-06', 'Completed', 858.65),
(88, 62, 2, '2024-02-20', 'Scheduled', 19.63),
(89, 53, 1, '2024-01-08', 'Completed', 1365.17),
(90, 194, 15, '2024-03-29', 'Scheduled', 1723.91),
(91, 87, 30, '2024-12-25', 'Completed', 2070.52),
(92, 12, 3, '2024-05-21', 'Completed', 147.88),
(93, 181, 3, '2024-06-02', 'No Show', 3017.95),
(94, 116, 16, '2024-01-21', 'Scheduled', 2753.61),
(95, 155, 24, '2024-06-26', 'Completed', 2166.50),
(96, 53, 20, '2025-06-04', 'Completed', 3070.79),
(97, 49, 7, '2025-05-18', 'Completed', 451.17),
(98, 125, 22, '2024-04-13', 'Completed', 430.52),
(99, 143, 28, '2024-05-02', 'Completed', 2043.80),
(100, 153, 20, '2024-04-18', 'Scheduled', 3447.96),
(101, 6, 22, '2025-02-16', 'Completed', 1192.83),
(102, 67, 18, '2024-11-17', 'Completed', 1383.43),
(103, 59, 27, '2024-12-03', 'Completed', 1744.20),
(104, 133, 5, '2024-11-20', 'Completed', 685.82),
(105, 141, 24, '2024-04-03', 'Completed', 415.31),
(106, 176, 22, '2025-12-24', 'Completed', 929.52),
(107, 192, 14, '2025-02-09', 'Scheduled', 1809.23),
(108, 44, 19, '2024-01-26', 'Scheduled', 3005.29),
(109, 45, 1, '2025-06-24', 'No Show', 2502.65),
(110, 35, 23, '2024-11-13', 'Completed', 541.66),
(111, 192, 10, '2024-05-19', 'Completed', 1825.46),
(112, 120, 23, '2024-01-26', 'No Show', 2389.46),
(113, 153, 21, '2025-12-17', 'Completed', 1337.36),
(114, 166, 4, '2025-07-09', 'Scheduled', 2057.84),
(115, 143, 15, '2024-01-12', 'Completed', 1094.84),
(116, 119, 30, '2025-07-02', 'Completed', 368.37),
(117, 60, 24, '2025-10-02', 'Completed', 3031.01),
(118, 99, 19, '2025-01-08', 'Scheduled', 1529.80),
(119, 50, 21, '2025-04-26', 'Completed', 2884.98),
(120, 36, 30, '2025-04-24', 'Completed', 114.96),
(121, 131, 5, '2024-04-07', 'Cancelled', 2058.50),
(122, 161, 4, '2024-06-28', 'Completed', 1850.13),
(123, 89, 13, '2024-03-03', 'Completed', 69.59),
(124, 33, 7, '2025-07-10', 'Completed', 2666.57),
(125, 149, 13, '2025-09-07', 'Scheduled', 716.10),
(126, 57, 5, '2025-05-17', 'Completed', 1384.01),
(127, 82, 28, '2024-11-24', 'Completed', 704.79),
(128, 192, 12, '2024-05-02', 'Completed', 2461.41),
(129, 14, 14, '2024-07-17', 'Scheduled', 2517.46),
(130, 19, 24, '2025-04-30', 'Completed', 2256.38),
(131, 44, 25, '2024-10-03', 'Completed', 2204.59),
(132, 19, 14, '2024-12-12', 'Completed', 123.74),
(133, 143, 21, '2025-02-20', 'Scheduled', 55.77),
(134, 27, 11, '2024-09-16', 'Completed', 1354.19),
(135, 11, 7, '2025-10-04', 'Scheduled', 506.38),
(136, 90, 1, '2024-06-09', 'Completed', 2947.83),
(137, 1, 12, '2024-04-30', 'Completed', 1861.24),
(138, 36, 20, '2025-10-29', 'Completed', 408.83),
(139, 131, 7, '2024-10-22', 'Completed', 61.60),
(140, 136, 5, '2024-08-07', 'Scheduled', 1409.44),
(141, 163, 3, '2024-08-20', 'Completed', 462.28),
(142, 30, 29, '2024-05-13', 'Completed', 3295.53),
(143, 180, 26, '2025-06-18', 'Scheduled', 2422.15),
(144, 53, 16, '2025-06-29', 'Completed', 1384.81),
(145, 75, 23, '2024-01-13', 'Completed', 3182.16),
(146, 74, 27, '2025-01-31', 'Completed', 1137.58),
(147, 174, 5, '2024-09-19', 'Completed', 1565.38),
(148, 69, 27, '2024-03-13', 'Cancelled', 548.17),
(149, 161, 29, '2025-05-16', 'Completed', 2561.85),
(150, 114, 13, '2025-02-14', 'Completed', 2905.33),
(151, 192, 15, '2024-03-31', 'Completed', 796.45),
(152, 186, 2, '2025-11-08', 'Completed', 74.08),
(153, 148, 13, '2025-01-08', 'Scheduled', 37.61),
(154, 106, 2, '2024-12-11', 'Completed', 2435.81),
(155, 59, 7, '2025-06-05', 'Completed', 2757.03),
(156, 173, 20, '2024-06-19', 'Completed', 2954.71),
(157, 119, 4, '2024-01-11', 'Cancelled', 3227.23),
(158, 103, 10, '2024-09-17', 'Completed', 2900.63),
(159, 79, 26, '2024-02-15', 'Scheduled', 1608.50),
(160, 7, 11, '2025-03-03', 'Completed', 2868.03),
(161, 33, 27, '2025-03-06', 'Completed', 2372.71),
(162, 2, 16, '2024-12-13', 'Completed', 2074.41),
(163, 98, 12, '2024-03-22', 'Completed', 1057.16),
(164, 15, 16, '2025-07-29', 'Completed', 155.68),
(165, 64, 19, '2025-03-17', 'Completed', 632.43),
(166, 149, 21, '2025-06-29', 'Scheduled', 1434.37),
(167, 86, 8, '2025-09-23', 'Completed', 393.39),
(168, 7, 25, '2025-08-05', 'Completed', 2750.34),
(169, 105, 22, '2024-01-23', 'Completed', 2649.90),
(170, 33, 6, '2024-01-13', 'Scheduled', 59.11),
(171, 23, 21, '2025-03-10', 'Scheduled', 506.73),
(172, 159, 17, '2024-09-24', 'Completed', 3462.24),
(173, 133, 5, '2024-02-22', 'Cancelled', 2570.01),
(174, 40, 9, '2024-09-29', 'Completed', 2966.57),
(175, 199, 15, '2024-10-06', 'Completed', 2812.01),
(176, 70, 7, '2024-06-18', 'Cancelled', 395.56),
(177, 179, 16, '2025-03-26', 'Completed', 554.00),
(178, 74, 3, '2025-12-16', 'Completed', 3341.18),
(179, 195, 10, '2024-11-02', 'Completed', 2764.86),
(180, 169, 13, '2025-03-25', 'Completed', 1228.25),
(181, 45, 3, '2025-06-28', 'Scheduled', 2014.15),
(182, 54, 7, '2024-06-21', 'Completed', 2552.60),
(183, 181, 13, '2025-06-06', 'Completed', 2065.81),
(184, 43, 15, '2024-04-01', 'Completed', 659.88),
(185, 198, 4, '2024-06-25', 'Scheduled', 955.91),
(186, 126, 3, '2025-01-15', 'Cancelled', 3127.69),
(187, 172, 5, '2025-10-15', 'No Show', 2169.62),
(188, 39, 20, '2024-07-04', 'Completed', 1029.38),
(189, 87, 13, '2024-11-24', 'Completed', 1753.29),
(190, 121, 4, '2025-05-14', 'Cancelled', 760.06),
(191, 84, 5, '2025-03-16', 'Scheduled', 121.00),
(192, 110, 29, '2024-09-21', 'Completed', 3489.36),
(193, 19, 3, '2024-10-26', 'Completed', 3327.28),
(194, 74, 14, '2024-02-03', 'Scheduled', 2004.47),
(195, 93, 27, '2025-10-11', 'Completed', 1151.86),
(196, 196, 30, '2024-02-17', 'Completed', 2210.11),
(197, 183, 17, '2024-11-27', 'Completed', 995.02),
(198, 30, 1, '2024-04-24', 'Completed', 833.36),
(199, 96, 14, '2024-02-13', 'Completed', 2389.13),
(200, 142, 23, '2024-07-21', 'Scheduled', 1790.37);

INSERT INTO appointments (appointment_id, patient_id, doctor_id, appointment_date, appointment_status, diagnosis_cost) VALUES
(201, 19, 20, '2024-12-05', 'Scheduled', 2724.18),
(202, 160, 14, '2024-03-07', 'Scheduled', 53.90),
(203, 16, 4, '2025-08-12', 'Cancelled', 3179.52),
(204, 87, 23, '2024-10-19', 'Scheduled', 1080.08),
(205, 17, 12, '2024-04-14', 'Scheduled', 3280.64),
(206, 90, 24, '2025-11-16', 'Completed', 2212.41),
(207, 35, 25, '2024-03-11', 'Completed', 601.19),
(208, 75, 19, '2024-02-09', 'Scheduled', 2136.08),
(209, 43, 21, '2024-03-08', 'Completed', 1764.14),
(210, 189, 2, '2024-10-17', 'Completed', 1159.11),
(211, 20, 26, '2024-11-02', 'Completed', 1699.84),
(212, 59, 7, '2025-10-20', 'Completed', 1981.93),
(213, 114, 19, '2024-11-22', 'Scheduled', 336.34),
(214, 135, 11, '2024-10-22', 'Completed', 1615.25),
(215, 68, 29, '2025-06-04', 'Completed', 2037.77),
(216, 156, 17, '2024-02-16', 'No Show', 1292.54),
(217, 134, 28, '2024-12-28', 'Scheduled', 2622.19),
(218, 199, 5, '2024-12-01', 'Completed', 952.95),
(219, 198, 14, '2024-03-18', 'Scheduled', 2813.29),
(220, 108, 23, '2024-08-07', 'Completed', 2257.49),
(221, 103, 3, '2024-08-09', 'Completed', 2771.90),
(222, 6, 14, '2025-08-22', 'Cancelled', 551.81),
(223, 167, 13, '2025-10-22', 'Cancelled', 2302.74),
(224, 166, 10, '2025-11-03', 'Completed', 260.68),
(225, 157, 30, '2024-03-24', 'Scheduled', 776.14),
(226, 8, 16, '2024-10-07', 'Completed', 1552.31),
(227, 50, 22, '2025-07-22', 'Completed', 1414.62),
(228, 146, 3, '2025-07-04', 'Completed', 2593.97),
(229, 179, 9, '2024-03-17', 'Completed', 2891.79),
(230, 60, 21, '2025-10-28', 'Completed', 3428.81),
(231, 110, 20, '2025-10-11', 'Completed', 3302.93),
(232, 27, 9, '2024-07-11', 'Scheduled', 2400.49),
(233, 93, 9, '2025-02-16', 'Scheduled', 387.43),
(234, 16, 24, '2025-04-02', 'Scheduled', 1224.68),
(235, 113, 18, '2024-04-25', 'Scheduled', 508.91),
(236, 177, 9, '2025-12-15', 'Completed', 1036.24),
(237, 44, 28, '2024-05-30', 'Scheduled', 3137.56),
(238, 4, 6, '2025-05-27', 'Scheduled', 1917.69),
(239, 33, 22, '2024-12-06', 'Scheduled', 77.38),
(240, 41, 22, '2025-01-11', 'Scheduled', 1630.50),
(241, 158, 26, '2025-11-23', 'Completed', 222.55),
(242, 125, 13, '2025-06-13', 'Completed', 1790.82),
(243, 147, 19, '2025-08-24', 'Scheduled', 2706.46),
(244, 31, 16, '2025-08-31', 'Completed', 3040.97),
(245, 166, 12, '2024-11-20', 'Completed', 1439.67),
(246, 3, 24, '2025-01-16', 'Completed', 2668.06),
(247, 165, 17, '2024-07-14', 'Scheduled', 2542.26),
(248, 171, 23, '2025-11-25', 'Scheduled', 2586.66),
(249, 164, 14, '2025-05-15', 'Completed', 1911.72),
(250, 127, 17, '2024-12-13', 'Completed', 1371.22),
(251, 48, 9, '2024-11-07', 'Scheduled', 1593.80),
(252, 126, 15, '2024-09-23', 'Completed', 3259.41),
(253, 105, 21, '2024-10-12', 'Completed', 699.47),
(254, 4, 3, '2025-08-03', 'Completed', 597.99),
(255, 36, 20, '2024-02-25', 'Completed', 1143.32),
(256, 88, 2, '2024-11-16', 'Completed', 1663.35),
(257, 126, 15, '2025-06-02', 'Scheduled', 2795.24),
(258, 178, 10, '2024-12-27', 'Completed', 305.91),
(259, 29, 28, '2025-01-29', 'Completed', 2015.86),
(260, 157, 7, '2025-06-27', 'Completed', 1560.77),
(261, 124, 28, '2024-10-14', 'Completed', 433.84),
(262, 188, 9, '2024-08-04', 'Completed', 417.79),
(263, 84, 19, '2024-08-01', 'Completed', 1800.32),
(264, 49, 13, '2025-02-18', 'Completed', 2805.14),
(265, 179, 10, '2025-05-09', 'Completed', 3402.85),
(266, 51, 5, '2024-08-17', 'Completed', 3390.76),
(267, 70, 12, '2024-05-19', 'Scheduled', 3295.52),
(268, 141, 29, '2025-05-14', 'Completed', 792.29),
(269, 187, 15, '2024-10-04', 'Completed', 3025.90),
(270, 4, 10, '2024-08-16', 'Scheduled', 1999.77),
(271, 107, 9, '2024-06-26', 'Completed', 1081.97),
(272, 53, 27, '2024-05-05', 'Scheduled', 2903.74),
(273, 51, 11, '2025-08-13', 'Completed', 2767.51),
(274, 196, 7, '2025-06-05', 'Completed', 1014.87),
(275, 158, 11, '2025-04-30', 'Completed', 2637.43),
(276, 75, 3, '2024-11-30', 'Scheduled', 1337.90),
(277, 44, 28, '2025-10-28', 'Completed', 3420.55),
(278, 94, 23, '2024-06-02', 'Completed', 2522.46),
(279, 77, 21, '2024-05-26', 'Completed', 3113.21),
(280, 21, 27, '2025-11-25', 'Cancelled', 3098.25),
(281, 100, 6, '2025-02-07', 'Scheduled', 2184.45),
(282, 87, 18, '2024-08-28', 'Completed', 3257.14),
(283, 157, 30, '2024-03-01', 'Completed', 2833.08),
(284, 13, 23, '2025-01-04', 'Completed', 2945.63),
(285, 102, 12, '2025-08-17', 'Completed', 68.83),
(286, 89, 3, '2025-10-07', 'Completed', 178.51),
(287, 161, 2, '2025-04-08', 'Completed', 2882.74),
(288, 84, 28, '2025-01-08', 'Scheduled', 1573.21),
(289, 46, 23, '2024-06-22', 'Completed', 935.92),
(290, 138, 17, '2024-08-24', 'Completed', 2642.68),
(291, 39, 13, '2024-12-17', 'Completed', 2815.77),
(292, 133, 19, '2025-06-18', 'Completed', 825.55),
(293, 69, 7, '2024-01-01', 'No Show', 1191.70),
(294, 152, 23, '2024-01-04', 'Cancelled', 400.23),
(295, 158, 5, '2024-05-26', 'Scheduled', 1293.83),
(296, 60, 28, '2024-12-03', 'Completed', 2923.14),
(297, 68, 10, '2025-05-25', 'Completed', 2314.46),
(298, 21, 20, '2025-08-01', 'Completed', 3275.59),
(299, 187, 28, '2025-01-04', 'Cancelled', 665.77),
(300, 156, 28, '2024-06-18', 'Completed', 3311.26),
(301, 139, 3, '2025-04-20', 'Completed', 2594.26),
(302, 183, 14, '2024-04-03', 'Cancelled', 2416.51),
(303, 114, 7, '2024-01-12', 'Cancelled', 1566.84),
(304, 37, 28, '2025-02-27', 'Completed', 1105.69),
(305, 134, 25, '2025-02-20', 'Completed', 2569.12),
(306, 30, 22, '2025-10-23', 'Completed', 2712.23),
(307, 170, 16, '2025-02-19', 'Completed', 1195.59),
(308, 149, 26, '2025-07-24', 'Scheduled', 2487.25),
(309, 88, 16, '2024-11-29', 'Cancelled', 1589.48),
(310, 187, 24, '2025-04-27', 'Completed', 1752.50),
(311, 146, 2, '2025-07-04', 'Completed', 548.20),
(312, 120, 8, '2024-05-14', 'Completed', 2871.00),
(313, 84, 6, '2025-05-20', 'Completed', 792.72),
(314, 163, 18, '2024-01-12', 'Completed', 418.03),
(315, 75, 23, '2025-12-09', 'Completed', 548.04),
(316, 23, 9, '2025-12-03', 'Cancelled', 588.32),
(317, 27, 11, '2024-06-02', 'Scheduled', 1386.39),
(318, 166, 11, '2025-05-10', 'Completed', 2592.74),
(319, 92, 22, '2024-06-06', 'Scheduled', 73.71),
(320, 144, 22, '2025-12-29', 'Completed', 3273.10),
(321, 190, 12, '2025-07-06', 'No Show', 2697.67),
(322, 133, 8, '2024-06-10', 'Completed', 2572.47),
(323, 115, 16, '2024-02-08', 'Completed', 783.26),
(324, 23, 15, '2024-12-16', 'Completed', 3291.61),
(325, 100, 2, '2024-05-02', 'Completed', 1324.14),
(326, 124, 13, '2024-11-07', 'Scheduled', 3244.70),
(327, 153, 15, '2025-06-07', 'Completed', 1508.72),
(328, 149, 22, '2024-05-01', 'Completed', 1589.86),
(329, 111, 23, '2024-03-04', 'Completed', 1011.91),
(330, 33, 7, '2025-02-02', 'Completed', 2470.81),
(331, 108, 23, '2025-01-22', 'Completed', 1525.46),
(332, 141, 8, '2025-03-25', 'Completed', 2608.70),
(333, 72, 4, '2024-12-03', 'Scheduled', 1723.86),
(334, 171, 7, '2024-08-11', 'Cancelled', 1605.02),
(335, 196, 22, '2024-08-26', 'Completed', 2341.39),
(336, 176, 27, '2024-07-12', 'Completed', 2856.89),
(337, 79, 9, '2025-02-07', 'Completed', 3249.81),
(338, 31, 27, '2025-06-02', 'Scheduled', 822.37),
(339, 26, 16, '2025-07-02', 'Completed', 182.97),
(340, 80, 1, '2025-11-14', 'No Show', 2241.32),
(341, 148, 4, '2025-01-16', 'Completed', 361.33),
(342, 171, 17, '2025-05-07', 'Completed', 1757.09),
(343, 194, 10, '2024-09-25', 'Cancelled', 2317.86),
(344, 166, 24, '2024-03-27', 'Completed', 1469.29),
(345, 123, 12, '2024-04-01', 'No Show', 3100.95),
(346, 128, 22, '2024-06-11', 'Completed', 2201.24),
(347, 186, 22, '2025-03-15', 'Completed', 1538.99),
(348, 193, 16, '2024-05-11', 'No Show', 2926.45),
(349, 14, 3, '2024-05-22', 'Completed', 2864.51),
(350, 100, 13, '2024-07-09', 'Completed', 1617.78),
(351, 108, 15, '2025-11-03', 'Completed', 3153.69),
(352, 157, 16, '2024-03-15', 'Scheduled', 2077.31),
(353, 124, 25, '2024-07-20', 'Completed', 953.00),
(354, 146, 26, '2024-04-11', 'Completed', 2357.13),
(355, 8, 20, '2025-09-03', 'Completed', 2608.88),
(356, 199, 16, '2025-08-02', 'Cancelled', 3208.76),
(357, 120, 10, '2025-09-17', 'Completed', 562.75),
(358, 78, 12, '2025-10-19', 'Cancelled', 157.41),
(359, 115, 4, '2025-07-18', 'Completed', 2966.91),
(360, 141, 1, '2025-05-23', 'Scheduled', 561.91),
(361, 155, 12, '2025-01-02', 'Scheduled', 1062.84),
(362, 153, 25, '2025-05-22', 'Scheduled', 3030.40),
(363, 77, 1, '2024-06-01', 'Completed', 348.73),
(364, 109, 2, '2025-05-04', 'Completed', 856.91),
(365, 109, 11, '2024-08-08', 'Completed', 2421.88),
(366, 12, 10, '2025-04-27', 'Completed', 2770.57),
(367, 116, 14, '2024-03-29', 'No Show', 1682.75),
(368, 12, 9, '2025-09-04', 'Cancelled', 1707.81),
(369, 152, 4, '2025-02-10', 'Completed', 2311.48),
(370, 100, 23, '2024-07-03', 'Completed', 638.69),
(371, 170, 15, '2025-10-22', 'Completed', 1932.67),
(372, 130, 24, '2025-05-21', 'Completed', 2592.19),
(373, 147, 22, '2024-05-14', 'Completed', 2605.45),
(374, 68, 23, '2024-11-26', 'Completed', 576.03),
(375, 166, 11, '2024-01-26', 'Cancelled', 3410.65),
(376, 193, 11, '2024-03-27', 'Scheduled', 2018.75),
(377, 109, 27, '2024-02-14', 'Completed', 1003.68),
(378, 142, 3, '2025-03-29', 'Completed', 293.31),
(379, 140, 7, '2025-09-05', 'Cancelled', 1185.86),
(380, 132, 30, '2024-04-12', 'No Show', 3475.31),
(381, 46, 3, '2024-01-17', 'Completed', 394.77),
(382, 61, 30, '2024-11-28', 'Scheduled', 995.72),
(383, 132, 15, '2025-01-10', 'Completed', 115.59),
(384, 12, 6, '2025-12-19', 'Completed', 2887.14),
(385, 188, 15, '2025-01-15', 'Completed', 1773.31),
(386, 124, 18, '2024-03-25', 'Completed', 258.41),
(387, 130, 4, '2024-02-15', 'Completed', 698.54),
(388, 9, 20, '2024-07-29', 'Completed', 1311.44),
(389, 69, 30, '2025-05-26', 'Scheduled', 1747.65),
(390, 33, 29, '2024-08-29', 'Completed', 1499.89),
(391, 137, 23, '2025-05-15', 'Scheduled', 3239.85),
(392, 45, 2, '2025-12-06', 'Completed', 2997.07),
(393, 64, 7, '2024-03-10', 'Completed', 1852.20),
(394, 25, 9, '2024-11-15', 'Scheduled', 661.03),
(395, 102, 26, '2024-01-17', 'Completed', 318.72),
(396, 42, 3, '2024-07-06', 'Scheduled', 174.87),
(397, 98, 13, '2025-03-14', 'Completed', 2930.14),
(398, 166, 11, '2024-12-09', 'Scheduled', 2215.12),
(399, 60, 23, '2024-06-04', 'Completed', 1157.61),
(400, 6, 16, '2025-11-19', 'No Show', 167.44);

INSERT INTO appointments (appointment_id, patient_id, doctor_id, appointment_date, appointment_status, diagnosis_cost) VALUES
(401, 65, 14, '2025-01-07', 'Completed', 223.90),
(402, 109, 12, '2025-12-17', 'Completed', 2006.51),
(403, 52, 22, '2025-10-29', 'Completed', 427.06),
(404, 184, 23, '2025-01-27', 'Cancelled', 2973.51),
(405, 45, 2, '2024-07-31', 'Completed', 3215.48),
(406, 197, 21, '2025-06-02', 'No Show', 854.76),
(407, 35, 16, '2024-04-10', 'Completed', 2767.74),
(408, 49, 7, '2025-08-15', 'Completed', 1149.86),
(409, 10, 2, '2024-06-22', 'Completed', 2614.41),
(410, 48, 10, '2024-11-04', 'Completed', 428.36),
(411, 72, 8, '2024-05-03', 'No Show', 1110.53),
(412, 121, 24, '2025-04-28', 'Completed', 49.33),
(413, 141, 27, '2024-09-06', 'Scheduled', 2754.32),
(414, 116, 24, '2025-07-30', 'No Show', 2070.96),
(415, 102, 4, '2025-09-18', 'Scheduled', 1134.84),
(416, 14, 20, '2024-12-13', 'Completed', 3454.52),
(417, 168, 4, '2024-03-25', 'No Show', 1437.47),
(418, 125, 23, '2024-05-23', 'Completed', 1144.95),
(419, 9, 4, '2025-12-23', 'Completed', 1432.94),
(420, 47, 4, '2025-03-09', 'Scheduled', 386.55),
(421, 48, 22, '2024-04-13', 'Scheduled', 2540.48),
(422, 101, 18, '2024-09-28', 'Completed', 1218.89),
(423, 161, 23, '2024-09-18', 'Cancelled', 2183.12),
(424, 126, 2, '2025-06-17', 'No Show', 960.37),
(425, 8, 20, '2025-07-02', 'Completed', 3199.71),
(426, 78, 8, '2025-10-15', 'Scheduled', 1079.47),
(427, 160, 3, '2025-10-09', 'Scheduled', 2070.47),
(428, 126, 1, '2024-03-10', 'Scheduled', 1675.77),
(429, 68, 19, '2025-08-15', 'Cancelled', 118.87),
(430, 75, 28, '2024-02-01', 'No Show', 993.94),
(431, 184, 19, '2024-03-05', 'Scheduled', 80.18),
(432, 173, 29, '2024-08-26', 'Completed', 2616.88),
(433, 17, 19, '2024-04-16', 'Scheduled', 2744.74),
(434, 81, 5, '2024-03-01', 'Completed', 2247.64),
(435, 103, 17, '2024-10-07', 'Completed', 3201.49),
(436, 80, 2, '2025-04-16', 'Completed', 347.79),
(437, 33, 10, '2025-08-16', 'Completed', 1589.15),
(438, 86, 8, '2024-08-24', 'Completed', 1323.15),
(439, 175, 25, '2025-12-26', 'Completed', 391.71),
(440, 25, 1, '2025-07-20', 'Scheduled', 1132.21),
(441, 58, 2, '2025-05-25', 'Scheduled', 2647.51),
(442, 4, 23, '2025-10-22', 'Completed', 2413.15),
(443, 128, 20, '2024-04-10', 'Completed', 1583.52),
(444, 123, 4, '2025-04-24', 'Completed', 1059.06),
(445, 82, 27, '2025-08-19', 'Scheduled', 992.08),
(446, 195, 2, '2024-10-11', 'Completed', 1989.47),
(447, 63, 21, '2024-03-31', 'No Show', 321.03),
(448, 148, 1, '2024-01-06', 'Cancelled', 2520.11),
(449, 110, 9, '2024-10-01', 'Completed', 1965.46),
(450, 134, 14, '2025-09-08', 'Completed', 722.40),
(451, 10, 30, '2025-01-24', 'Scheduled', 2691.31),
(452, 31, 7, '2024-06-29', 'Scheduled', 2110.14),
(453, 98, 21, '2024-12-31', 'Scheduled', 2857.70),
(454, 171, 22, '2025-12-19', 'Completed', 2039.77),
(455, 161, 4, '2025-04-15', 'Completed', 1481.03),
(456, 63, 30, '2024-05-10', 'Completed', 141.10),
(457, 120, 5, '2025-12-20', 'Scheduled', 2870.64),
(458, 83, 26, '2025-01-09', 'Scheduled', 161.04),
(459, 15, 2, '2025-07-16', 'Completed', 3263.60),
(460, 75, 12, '2024-10-06', 'Completed', 1154.24),
(461, 159, 29, '2025-04-02', 'Scheduled', 149.38),
(462, 120, 15, '2024-07-19', 'Scheduled', 948.11),
(463, 5, 12, '2024-05-05', 'Completed', 752.63),
(464, 27, 11, '2025-08-14', 'Completed', 3315.56),
(465, 190, 3, '2024-02-06', 'Completed', 953.45),
(466, 187, 2, '2025-04-27', 'Completed', 579.69),
(467, 142, 21, '2024-01-28', 'Completed', 1190.45),
(468, 111, 21, '2025-09-28', 'Scheduled', 828.17),
(469, 97, 28, '2024-08-31', 'Completed', 1285.33),
(470, 111, 27, '2024-06-03', 'Cancelled', 1753.98),
(471, 87, 24, '2025-11-03', 'Cancelled', 447.67),
(472, 54, 2, '2025-01-17', 'Completed', 2770.54),
(473, 166, 25, '2024-04-25', 'Completed', 1324.28),
(474, 87, 1, '2024-12-11', 'Cancelled', 1427.64),
(475, 23, 24, '2025-03-26', 'Completed', 839.83),
(476, 163, 14, '2025-08-11', 'Cancelled', 2288.27),
(477, 92, 7, '2025-06-15', 'Completed', 1929.73),
(478, 49, 16, '2025-03-10', 'Completed', 2864.04),
(479, 190, 28, '2024-08-08', 'Completed', 466.30),
(480, 128, 11, '2025-01-06', 'Completed', 2694.61),
(481, 54, 25, '2024-09-16', 'Completed', 3034.95),
(482, 180, 2, '2024-06-12', 'Completed', 3079.69),
(483, 187, 23, '2025-09-14', 'Completed', 2377.74),
(484, 61, 4, '2025-05-09', 'Completed', 2217.92),
(485, 20, 29, '2024-02-17', 'Scheduled', 588.74),
(486, 160, 4, '2025-07-13', 'Completed', 1711.31),
(487, 96, 11, '2025-10-22', 'Completed', 2697.38),
(488, 192, 22, '2024-05-20', 'No Show', 1164.50),
(489, 49, 20, '2024-12-06', 'Completed', 1795.85),
(490, 159, 7, '2024-07-03', 'Completed', 1320.20),
(491, 193, 7, '2024-04-16', 'Completed', 1192.04),
(492, 170, 3, '2025-03-30', 'Completed', 3469.96),
(493, 184, 5, '2025-04-10', 'Completed', 1222.40),
(494, 37, 3, '2025-02-25', 'Scheduled', 314.48),
(495, 68, 24, '2025-03-06', 'Completed', 983.29),
(496, 56, 23, '2025-12-16', 'Scheduled', 2849.86),
(497, 158, 24, '2025-08-17', 'Completed', 2953.51),
(498, 82, 23, '2025-08-07', 'Completed', 3419.44),
(499, 198, 21, '2025-03-05', 'Completed', 3388.42),
(500, 93, 11, '2024-10-14', 'Completed', 1131.78),
(501, 194, 17, '2025-03-03', 'Completed', 503.87),
(502, 57, 21, '2025-07-24', 'Completed', 1443.69),
(503, 47, 11, '2025-06-20', 'Completed', 2535.64),
(504, 77, 24, '2025-08-29', 'Cancelled', 2687.82),
(505, 117, 30, '2024-03-19', 'Completed', 843.04),
(506, 80, 19, '2024-09-11', 'Completed', 1913.86),
(507, 60, 13, '2025-04-11', 'Cancelled', 1904.31),
(508, 13, 2, '2025-03-10', 'Completed', 1626.43),
(509, 165, 12, '2025-08-02', 'Completed', 1789.55),
(510, 38, 13, '2025-12-26', 'Completed', 2369.76),
(511, 142, 24, '2024-03-26', 'Completed', 3272.72),
(512, 170, 9, '2024-03-17', 'Completed', 304.49),
(513, 27, 1, '2024-01-14', 'Completed', 518.28),
(514, 70, 19, '2024-01-28', 'Completed', 1140.68),
(515, 32, 9, '2024-06-08', 'Completed', 99.55),
(516, 145, 6, '2024-10-18', 'Completed', 1967.69),
(517, 80, 2, '2024-11-28', 'Completed', 990.27),
(518, 73, 30, '2025-11-15', 'Scheduled', 1352.82),
(519, 125, 29, '2024-03-21', 'Scheduled', 1352.62),
(520, 102, 15, '2025-06-05', 'No Show', 378.65),
(521, 71, 12, '2024-09-10', 'No Show', 2532.58),
(522, 25, 9, '2024-11-25', 'Completed', 25.76),
(523, 88, 10, '2024-11-02', 'Completed', 653.81),
(524, 25, 16, '2025-10-13', 'No Show', 42.10),
(525, 82, 9, '2024-12-09', 'Completed', 543.93),
(526, 3, 10, '2024-06-19', 'Cancelled', 947.24),
(527, 137, 16, '2025-09-01', 'Cancelled', 263.48),
(528, 32, 5, '2024-11-18', 'Completed', 2914.40),
(529, 123, 28, '2025-06-30', 'Cancelled', 2240.98),
(530, 148, 22, '2024-09-21', 'Completed', 2631.07),
(531, 13, 6, '2025-02-13', 'Completed', 1947.42),
(532, 184, 29, '2025-03-02', 'Scheduled', 906.99),
(533, 23, 21, '2025-03-11', 'Scheduled', 3356.19),
(534, 96, 20, '2025-03-15', 'Completed', 2487.49),
(535, 59, 2, '2025-04-22', 'Completed', 2186.13),
(536, 22, 20, '2025-05-15', 'Completed', 322.36),
(537, 6, 24, '2024-12-31', 'Completed', 1141.14),
(538, 142, 26, '2025-02-17', 'Scheduled', 3437.53),
(539, 79, 30, '2025-11-20', 'Cancelled', 287.62),
(540, 89, 16, '2024-07-22', 'No Show', 1829.07),
(541, 51, 5, '2025-04-17', 'Completed', 1144.78),
(542, 141, 4, '2024-06-19', 'Completed', 3165.70),
(543, 70, 15, '2025-02-19', 'Cancelled', 1881.91),
(544, 6, 9, '2024-03-02', 'Cancelled', 3283.71),
(545, 30, 27, '2024-09-21', 'Scheduled', 3207.34),
(546, 106, 24, '2024-03-28', 'Scheduled', 635.46),
(547, 196, 27, '2024-03-06', 'Completed', 3444.99),
(548, 70, 8, '2025-06-18', 'Scheduled', 2480.70),
(549, 152, 2, '2024-08-05', 'Completed', 3070.79),
(550, 15, 14, '2025-09-25', 'Completed', 930.07),
(551, 30, 20, '2024-02-06', 'Completed', 3078.48),
(552, 45, 16, '2024-03-26', 'Completed', 1662.27),
(553, 67, 26, '2024-08-27', 'Scheduled', 596.90),
(554, 158, 27, '2025-06-15', 'Cancelled', 1374.23),
(555, 164, 21, '2025-06-27', 'Completed', 123.88),
(556, 168, 26, '2025-01-31', 'Completed', 2533.17),
(557, 10, 12, '2025-05-16', 'Scheduled', 1135.08),
(558, 6, 18, '2024-03-30', 'Scheduled', 2140.20),
(559, 87, 30, '2024-01-03', 'Completed', 2167.89),
(560, 45, 19, '2024-05-27', 'Completed', 432.65),
(561, 53, 29, '2024-03-13', 'Completed', 138.86),
(562, 155, 2, '2024-12-30', 'Completed', 3357.42),
(563, 165, 16, '2024-04-16', 'Completed', 2322.24),
(564, 141, 7, '2024-05-01', 'Completed', 2226.50),
(565, 141, 12, '2024-01-04', 'Completed', 2950.55),
(566, 66, 22, '2024-06-28', 'Scheduled', 89.33),
(567, 5, 29, '2024-11-26', 'Completed', 1855.09),
(568, 173, 23, '2024-08-19', 'Completed', 591.04),
(569, 185, 10, '2025-03-07', 'Completed', 592.43),
(570, 38, 15, '2025-11-19', 'No Show', 2050.97),
(571, 109, 6, '2025-05-09', 'Completed', 298.23),
(572, 122, 23, '2025-11-17', 'Scheduled', 2639.27),
(573, 65, 14, '2025-01-13', 'Completed', 2454.00),
(574, 157, 6, '2025-01-18', 'No Show', 2186.72),
(575, 135, 3, '2025-04-18', 'Completed', 1354.65),
(576, 24, 17, '2024-09-21', 'Scheduled', 3168.77),
(577, 88, 26, '2024-11-26', 'Completed', 2421.31),
(578, 110, 1, '2025-07-02', 'Completed', 3360.22),
(579, 171, 29, '2024-06-02', 'No Show', 2740.53),
(580, 188, 21, '2024-06-14', 'Completed', 3236.26),
(581, 70, 11, '2025-03-06', 'Completed', 11.02),
(582, 67, 8, '2024-09-25', 'Completed', 1133.26),
(583, 25, 25, '2024-06-25', 'Completed', 3401.79),
(584, 180, 10, '2025-10-23', 'Scheduled', 493.77),
(585, 70, 7, '2024-06-13', 'Cancelled', 2688.14),
(586, 72, 11, '2025-02-09', 'Completed', 2905.42),
(587, 49, 23, '2025-06-27', 'Scheduled', 722.82),
(588, 190, 24, '2024-06-14', 'Completed', 3157.34),
(589, 57, 16, '2025-05-02', 'Completed', 3377.78),
(590, 96, 2, '2024-03-25', 'Completed', 1757.67),
(591, 36, 6, '2025-06-01', 'Completed', 1937.87),
(592, 118, 26, '2025-11-04', 'Completed', 891.12),
(593, 112, 25, '2025-10-27', 'Completed', 794.68),
(594, 11, 25, '2024-07-14', 'Completed', 44.16),
(595, 140, 11, '2024-12-01', 'Cancelled', 1545.04),
(596, 12, 25, '2025-07-12', 'Completed', 878.05),
(597, 55, 18, '2025-10-02', 'Completed', 2039.04),
(598, 8, 17, '2024-11-13', 'Completed', 1518.85),
(599, 80, 3, '2024-08-06', 'Scheduled', 44.27),
(600, 110, 12, '2025-10-17', 'Completed', 900.27);

INSERT INTO appointments (appointment_id, patient_id, doctor_id, appointment_date, appointment_status, diagnosis_cost) VALUES
(601, 13, 10, '2025-06-24', 'Completed', 2443.15),
(602, 24, 16, '2025-07-20', 'Completed', 2776.63),
(603, 69, 29, '2024-03-21', 'Completed', 992.06),
(604, 14, 30, '2025-02-27', 'Completed', 488.04),
(605, 129, 3, '2025-12-23', 'Completed', 1216.96),
(606, 28, 26, '2025-01-28', 'No Show', 2628.23),
(607, 83, 19, '2024-05-02', 'Completed', 2644.82),
(608, 87, 2, '2025-10-18', 'No Show', 107.03),
(609, 22, 29, '2024-08-12', 'Completed', 224.06),
(610, 67, 12, '2024-09-21', 'Cancelled', 1065.80),
(611, 84, 24, '2025-08-13', 'No Show', 2360.23),
(612, 26, 18, '2024-03-11', 'Completed', 1559.40),
(613, 53, 8, '2024-01-11', 'Scheduled', 1389.26),
(614, 65, 7, '2024-06-18', 'Completed', 1784.40),
(615, 67, 9, '2025-01-24', 'Completed', 3488.02),
(616, 125, 1, '2024-12-05', 'Completed', 2881.71),
(617, 98, 5, '2024-01-01', 'Scheduled', 718.44),
(618, 191, 27, '2024-04-20', 'Completed', 460.46),
(619, 62, 5, '2025-10-17', 'Completed', 202.61),
(620, 190, 30, '2025-04-25', 'Scheduled', 832.76),
(621, 40, 30, '2025-01-28', 'Cancelled', 874.26),
(622, 50, 23, '2025-02-18', 'Completed', 1586.83),
(623, 163, 13, '2024-11-14', 'Scheduled', 2728.12),
(624, 15, 16, '2025-02-13', 'No Show', 2518.76),
(625, 64, 29, '2024-11-12', 'Completed', 1743.71),
(626, 113, 30, '2025-11-03', 'Scheduled', 3428.99),
(627, 68, 4, '2025-11-12', 'Completed', 1121.84),
(628, 34, 17, '2024-12-22', 'Scheduled', 1672.87),
(629, 174, 14, '2025-10-23', 'Completed', 1329.76),
(630, 60, 9, '2024-09-25', 'Completed', 425.58),
(631, 44, 24, '2024-07-27', 'Completed', 770.21),
(632, 197, 22, '2024-03-18', 'Cancelled', 2252.87),
(633, 108, 8, '2025-01-18', 'Scheduled', 997.79),
(634, 66, 9, '2024-07-19', 'Completed', 610.04),
(635, 76, 24, '2024-08-15', 'No Show', 858.32),
(636, 67, 19, '2024-11-09', 'Scheduled', 2920.40),
(637, 127, 8, '2024-12-28', 'Scheduled', 2894.70),
(638, 169, 6, '2024-01-15', 'Scheduled', 431.96),
(639, 17, 21, '2024-08-09', 'Completed', 3193.51),
(640, 126, 1, '2024-07-24', 'No Show', 2451.17),
(641, 80, 13, '2024-03-15', 'No Show', 2746.33),
(642, 136, 14, '2025-03-02', 'Completed', 292.23),
(643, 90, 26, '2024-07-21', 'No Show', 2669.52),
(644, 190, 7, '2024-12-10', 'Completed', 645.99),
(645, 77, 2, '2025-06-18', 'Completed', 1418.17),
(646, 28, 22, '2024-11-17', 'No Show', 1647.90),
(647, 122, 24, '2024-04-10', 'Scheduled', 488.82),
(648, 127, 22, '2024-11-03', 'Completed', 2766.19),
(649, 37, 4, '2024-02-05', 'Completed', 448.06),
(650, 156, 25, '2025-06-08', 'Scheduled', 3391.62),
(651, 138, 18, '2025-06-23', 'Completed', 1228.67),
(652, 7, 17, '2025-07-03', 'Completed', 857.34),
(653, 82, 26, '2025-08-08', 'Scheduled', 3019.05),
(654, 174, 18, '2025-09-30', 'Completed', 3273.56),
(655, 197, 11, '2024-10-27', 'Completed', 1058.05),
(656, 171, 12, '2024-05-31', 'Completed', 1764.08),
(657, 45, 9, '2024-08-28', 'Scheduled', 778.81),
(658, 143, 23, '2024-11-09', 'No Show', 1654.73),
(659, 98, 21, '2025-11-20', 'Cancelled', 883.52),
(660, 72, 19, '2024-03-08', 'Completed', 1815.64),
(661, 134, 23, '2024-03-23', 'No Show', 228.62),
(662, 159, 1, '2025-12-16', 'Completed', 2378.07),
(663, 172, 16, '2024-04-29', 'Completed', 470.78),
(664, 182, 22, '2024-11-07', 'Completed', 1356.13),
(665, 65, 30, '2025-08-31', 'Completed', 1281.92),
(666, 67, 12, '2025-01-14', 'Cancelled', 1455.16),
(667, 2, 25, '2025-04-18', 'Scheduled', 2962.35),
(668, 51, 15, '2024-09-18', 'Completed', 2142.06),
(669, 109, 2, '2024-05-19', 'Completed', 784.65),
(670, 41, 11, '2025-07-20', 'Completed', 2971.76),
(671, 30, 29, '2024-11-24', 'Completed', 3102.08),
(672, 167, 5, '2025-06-08', 'Completed', 2401.15),
(673, 80, 26, '2024-06-17', 'Scheduled', 1933.95),
(674, 80, 6, '2025-08-16', 'Scheduled', 1874.22),
(675, 176, 25, '2025-05-06', 'Completed', 867.34),
(676, 49, 14, '2025-03-09', 'Completed', 2285.99),
(677, 4, 28, '2024-06-17', 'Completed', 590.54),
(678, 187, 2, '2024-02-06', 'Cancelled', 2132.05),
(679, 124, 18, '2024-03-23', 'Completed', 1679.77),
(680, 96, 2, '2025-12-13', 'Completed', 317.06),
(681, 4, 27, '2024-07-13', 'Completed', 1751.16),
(682, 151, 28, '2025-04-29', 'Completed', 2421.50),
(683, 190, 28, '2025-04-20', 'Completed', 84.66),
(684, 11, 22, '2024-04-22', 'Cancelled', 432.72),
(685, 86, 29, '2025-07-11', 'Completed', 3040.79),
(686, 105, 17, '2025-12-31', 'Completed', 1247.24),
(687, 12, 10, '2024-01-13', 'Cancelled', 238.03),
(688, 136, 15, '2024-05-28', 'Completed', 905.61),
(689, 108, 23, '2025-07-06', 'Completed', 2517.44),
(690, 60, 16, '2024-10-27', 'No Show', 914.60),
(691, 55, 18, '2024-03-27', 'Completed', 2009.81),
(692, 200, 3, '2024-07-17', 'Completed', 1721.73),
(693, 64, 28, '2024-03-07', 'Completed', 2998.99),
(694, 38, 10, '2025-09-13', 'Scheduled', 793.07),
(695, 125, 20, '2025-02-01', 'No Show', 663.26),
(696, 144, 22, '2024-12-27', 'Completed', 2846.23),
(697, 57, 7, '2025-04-24', 'Completed', 1258.94),
(698, 128, 18, '2025-08-15', 'Completed', 519.69),
(699, 81, 21, '2025-10-10', 'Completed', 2590.45),
(700, 53, 5, '2024-10-03', 'Completed', 2876.95),
(701, 77, 2, '2025-10-08', 'Completed', 3158.48),
(702, 76, 30, '2024-05-14', 'Completed', 1203.93),
(703, 70, 14, '2025-06-09', 'Scheduled', 1544.94),
(704, 176, 6, '2025-01-11', 'Completed', 135.16),
(705, 60, 15, '2024-07-29', 'Completed', 3462.82),
(706, 68, 1, '2025-11-18', 'Completed', 1058.05),
(707, 154, 30, '2024-10-26', 'Cancelled', 3113.34),
(708, 181, 21, '2025-05-23', 'Completed', 320.53),
(709, 149, 16, '2024-10-19', 'Completed', 2734.25),
(710, 164, 11, '2024-01-14', 'Completed', 2187.78),
(711, 80, 4, '2025-04-10', 'Completed', 3427.62),
(712, 172, 19, '2024-02-07', 'Scheduled', 913.12),
(713, 147, 10, '2024-06-17', 'Completed', 508.57),
(714, 170, 25, '2025-02-20', 'Completed', 906.16),
(715, 107, 18, '2024-08-08', 'No Show', 200.17),
(716, 191, 18, '2024-09-06', 'Completed', 3470.17),
(717, 112, 10, '2025-07-21', 'Cancelled', 2613.33),
(718, 37, 18, '2024-11-25', 'Scheduled', 3247.12),
(719, 113, 6, '2025-10-04', 'Completed', 1214.90),
(720, 136, 10, '2025-05-21', 'Cancelled', 2702.19),
(721, 112, 11, '2024-11-07', 'Completed', 463.50),
(722, 86, 21, '2024-04-13', 'Completed', 1716.69),
(723, 99, 2, '2024-10-13', 'Scheduled', 2106.68),
(724, 65, 28, '2024-07-01', 'No Show', 3258.83),
(725, 116, 28, '2025-12-21', 'Completed', 1225.72),
(726, 147, 21, '2025-11-30', 'Completed', 946.58),
(727, 46, 16, '2025-04-16', 'Completed', 2387.23),
(728, 146, 30, '2024-08-17', 'Completed', 2944.81),
(729, 108, 20, '2024-12-23', 'Completed', 2435.41),
(730, 197, 8, '2024-12-23', 'Completed', 1068.37),
(731, 44, 30, '2024-08-12', 'Completed', 841.99),
(732, 183, 27, '2024-07-12', 'Scheduled', 2992.23),
(733, 90, 29, '2024-08-20', 'Completed', 433.40),
(734, 182, 26, '2024-12-31', 'Completed', 2962.84),
(735, 12, 6, '2024-05-14', 'Completed', 3454.19),
(736, 128, 22, '2025-03-31', 'Completed', 1336.90),
(737, 104, 28, '2025-01-13', 'Cancelled', 1028.83),
(738, 180, 6, '2024-06-15', 'Cancelled', 1238.93),
(739, 183, 15, '2024-05-16', 'Completed', 1557.50),
(740, 166, 28, '2025-05-25', 'Scheduled', 235.43),
(741, 34, 27, '2025-01-15', 'No Show', 3305.67),
(742, 150, 19, '2024-07-15', 'Scheduled', 2524.90),
(743, 82, 4, '2025-03-28', 'Completed', 1878.40),
(744, 73, 12, '2025-12-14', 'Scheduled', 1153.56),
(745, 163, 25, '2024-01-27', 'Completed', 1851.09),
(746, 50, 19, '2025-05-06', 'Completed', 2581.55),
(747, 143, 3, '2024-04-25', 'Completed', 2208.91),
(748, 17, 23, '2024-07-02', 'Completed', 2061.15),
(749, 24, 21, '2024-12-14', 'Completed', 2700.44),
(750, 55, 2, '2025-01-18', 'Scheduled', 381.14),
(751, 137, 14, '2025-01-11', 'Cancelled', 2497.57),
(752, 30, 2, '2024-02-23', 'Scheduled', 1503.31),
(753, 188, 7, '2024-09-11', 'Scheduled', 1099.48),
(754, 21, 27, '2024-07-09', 'Cancelled', 2706.43),
(755, 12, 7, '2024-01-28', 'Scheduled', 872.42),
(756, 85, 25, '2025-05-02', 'Completed', 2993.30),
(757, 116, 27, '2024-10-19', 'Completed', 878.35),
(758, 114, 18, '2025-12-30', 'Scheduled', 633.10),
(759, 33, 28, '2025-07-28', 'Scheduled', 2960.93),
(760, 37, 7, '2025-08-23', 'Completed', 824.49),
(761, 39, 3, '2025-09-01', 'Completed', 65.11),
(762, 50, 9, '2024-01-13', 'Completed', 3337.41),
(763, 126, 13, '2025-01-10', 'Completed', 1779.05),
(764, 94, 9, '2025-05-24', 'Completed', 1336.73),
(765, 113, 17, '2024-01-30', 'Completed', 1405.03),
(766, 65, 4, '2025-06-29', 'Completed', 164.90),
(767, 80, 20, '2025-08-10', 'Completed', 1506.50),
(768, 173, 5, '2025-01-04', 'Completed', 2089.50),
(769, 30, 30, '2024-12-19', 'Completed', 3258.83),
(770, 7, 23, '2025-04-24', 'Scheduled', 1549.88),
(771, 32, 13, '2024-06-02', 'Scheduled', 710.34),
(772, 106, 30, '2025-02-15', 'Completed', 1154.92),
(773, 122, 2, '2025-11-12', 'Completed', 1685.29),
(774, 142, 5, '2024-02-10', 'Completed', 597.47),
(775, 17, 15, '2025-05-22', 'Completed', 43.31),
(776, 148, 28, '2025-09-06', 'Cancelled', 1721.42),
(777, 65, 21, '2025-01-25', 'Completed', 2906.63),
(778, 122, 8, '2025-03-30', 'Cancelled', 1825.12),
(779, 194, 29, '2024-11-16', 'Completed', 907.15),
(780, 44, 16, '2025-05-01', 'Completed', 2042.06),
(781, 47, 5, '2025-03-11', 'No Show', 343.43),
(782, 3, 7, '2025-11-24', 'Completed', 1733.92),
(783, 14, 10, '2024-07-25', 'Completed', 1357.35),
(784, 61, 17, '2024-05-15', 'Completed', 46.14),
(785, 162, 27, '2024-03-23', 'Cancelled', 2311.95),
(786, 95, 29, '2024-02-12', 'Scheduled', 1527.17),
(787, 92, 8, '2025-11-27', 'Completed', 1962.96),
(788, 137, 1, '2025-06-09', 'Completed', 1034.35),
(789, 32, 4, '2025-01-09', 'Completed', 1396.42),
(790, 61, 26, '2025-12-16', 'Cancelled', 1096.56),
(791, 44, 24, '2024-09-03', 'Completed', 1936.39),
(792, 103, 19, '2025-07-10', 'Completed', 203.54),
(793, 60, 16, '2024-10-07', 'Completed', 1390.39),
(794, 113, 14, '2025-03-07', 'Completed', 1302.88),
(795, 195, 23, '2025-01-12', 'Completed', 1481.86),
(796, 128, 22, '2025-02-13', 'Completed', 250.11),
(797, 200, 11, '2025-05-01', 'Completed', 1316.81),
(798, 59, 23, '2024-04-09', 'Scheduled', 2761.16),
(799, 91, 22, '2024-04-10', 'Completed', 2497.75),
(800, 40, 30, '2025-09-14', 'Completed', 1149.73);

INSERT INTO appointments (appointment_id, patient_id, doctor_id, appointment_date, appointment_status, diagnosis_cost) VALUES
(801, 60, 8, '2025-07-08', 'Cancelled', 3400.89),
(802, 155, 29, '2024-12-18', 'Completed', 2003.20),
(803, 4, 29, '2025-04-28', 'Completed', 2574.45),
(804, 33, 18, '2025-06-07', 'Completed', 201.51),
(805, 44, 2, '2024-12-10', 'Completed', 1181.51),
(806, 69, 15, '2024-04-19', 'Cancelled', 429.98),
(807, 19, 6, '2024-12-27', 'No Show', 836.79),
(808, 97, 1, '2025-03-31', 'Cancelled', 2944.69),
(809, 90, 10, '2024-07-10', 'Completed', 28.80),
(810, 12, 23, '2025-07-18', 'Completed', 2627.62),
(811, 34, 8, '2024-03-05', 'Cancelled', 1326.11),
(812, 123, 2, '2025-04-25', 'Cancelled', 3478.47),
(813, 68, 26, '2024-02-13', 'Scheduled', 1891.80),
(814, 139, 11, '2025-08-24', 'Completed', 3065.98),
(815, 179, 20, '2025-11-07', 'No Show', 171.70),
(816, 167, 20, '2024-10-19', 'Scheduled', 2644.46),
(817, 46, 23, '2024-08-20', 'No Show', 2542.34),
(818, 160, 20, '2025-06-05', 'No Show', 3316.23),
(819, 112, 15, '2025-03-16', 'Completed', 209.21),
(820, 8, 25, '2024-03-11', 'Completed', 1914.38),
(821, 119, 22, '2025-12-12', 'Completed', 3120.87),
(822, 159, 1, '2024-02-20', 'Completed', 499.09),
(823, 83, 14, '2024-12-13', 'Completed', 1753.55),
(824, 40, 19, '2024-12-03', 'Scheduled', 1060.05),
(825, 187, 4, '2025-12-24', 'Scheduled', 2862.01),
(826, 54, 30, '2025-10-24', 'Completed', 234.44),
(827, 141, 22, '2024-09-06', 'Completed', 3355.31),
(828, 9, 6, '2024-09-06', 'No Show', 825.33),
(829, 7, 30, '2025-05-24', 'Completed', 358.91),
(830, 111, 13, '2024-09-15', 'Cancelled', 1614.26),
(831, 110, 14, '2024-01-30', 'Scheduled', 2101.31),
(832, 190, 1, '2025-01-24', 'Completed', 3235.79),
(833, 65, 21, '2025-10-20', 'Completed', 2190.94),
(834, 59, 5, '2024-11-20', 'No Show', 1829.76),
(835, 128, 29, '2024-11-26', 'No Show', 315.47),
(836, 200, 9, '2025-04-28', 'No Show', 1806.20),
(837, 186, 28, '2025-09-28', 'Completed', 2710.67),
(838, 168, 13, '2025-04-09', 'Scheduled', 1337.50),
(839, 95, 20, '2024-08-05', 'No Show', 2353.58),
(840, 88, 2, '2025-11-05', 'Completed', 2477.39),
(841, 104, 22, '2025-11-29', 'Scheduled', 366.70),
(842, 7, 24, '2025-10-08', 'Scheduled', 3327.25),
(843, 150, 11, '2025-11-27', 'Completed', 1858.26),
(844, 30, 4, '2024-12-04', 'Completed', 2502.48),
(845, 11, 12, '2024-06-28', 'Scheduled', 1259.86),
(846, 120, 21, '2024-02-14', 'Completed', 2644.97),
(847, 9, 5, '2025-02-21', 'Cancelled', 3303.93),
(848, 185, 27, '2024-09-23', 'Completed', 3278.22),
(849, 78, 28, '2024-04-23', 'Completed', 2024.02),
(850, 2, 11, '2024-09-18', 'Scheduled', 3410.99),
(851, 14, 8, '2024-07-15', 'Completed', 2729.05),
(852, 50, 22, '2024-06-09', 'Scheduled', 3318.21),
(853, 46, 14, '2025-11-21', 'Completed', 2154.06),
(854, 96, 15, '2025-09-03', 'Completed', 839.37),
(855, 154, 23, '2024-04-24', 'Completed', 746.88),
(856, 92, 5, '2024-05-06', 'Completed', 2910.53),
(857, 112, 12, '2025-01-28', 'Cancelled', 1067.77),
(858, 149, 9, '2025-08-04', 'Completed', 1150.25),
(859, 131, 29, '2025-02-05', 'Completed', 1111.94),
(860, 143, 20, '2024-08-08', 'Completed', 1183.51),
(861, 117, 18, '2024-06-27', 'Cancelled', 439.92),
(862, 69, 23, '2025-05-07', 'Completed', 1641.47),
(863, 131, 2, '2024-03-31', 'Completed', 202.49),
(864, 196, 8, '2024-05-06', 'Completed', 2376.27),
(865, 10, 10, '2025-11-15', 'Scheduled', 858.76),
(866, 180, 21, '2025-03-10', 'Completed', 3196.80),
(867, 101, 23, '2024-11-08', 'Completed', 2797.15),
(868, 117, 22, '2024-03-24', 'Completed', 655.87),
(869, 166, 5, '2025-04-22', 'Completed', 1669.17),
(870, 78, 11, '2025-05-15', 'Completed', 1505.98),
(871, 16, 21, '2025-08-22', 'Completed', 3091.65),
(872, 42, 20, '2025-04-21', 'Completed', 1812.85),
(873, 171, 10, '2024-08-11', 'Scheduled', 3066.46),
(874, 105, 3, '2025-01-12', 'Completed', 1761.80),
(875, 28, 15, '2024-05-19', 'Completed', 2274.31),
(876, 109, 26, '2025-01-07', 'Completed', 2721.39),
(877, 119, 21, '2025-08-22', 'Completed', 2825.40),
(878, 166, 4, '2024-07-03', 'No Show', 2041.65),
(879, 167, 8, '2025-07-17', 'Completed', 3341.51),
(880, 182, 2, '2024-03-31', 'Scheduled', 1186.50),
(881, 63, 10, '2025-07-17', 'Completed', 228.48),
(882, 171, 1, '2025-06-05', 'Scheduled', 2947.24),
(883, 42, 20, '2025-10-01', 'Completed', 1731.88),
(884, 182, 23, '2025-12-08', 'No Show', 3138.40),
(885, 48, 28, '2024-04-29', 'Completed', 1738.91),
(886, 166, 24, '2024-10-05', 'Cancelled', 1484.28),
(887, 165, 8, '2024-11-20', 'Completed', 1343.01),
(888, 144, 10, '2025-01-28', 'Completed', 171.77),
(889, 48, 26, '2024-12-02', 'Completed', 2800.58),
(890, 131, 14, '2025-08-08', 'Completed', 1283.19),
(891, 76, 12, '2025-05-19', 'Completed', 384.70),
(892, 128, 29, '2024-12-15', 'No Show', 1207.60),
(893, 26, 8, '2024-02-09', 'Completed', 2055.72),
(894, 185, 20, '2025-08-16', 'Completed', 275.91),
(895, 23, 3, '2024-07-29', 'Cancelled', 395.55),
(896, 110, 4, '2025-01-07', 'Completed', 2243.81),
(897, 146, 17, '2025-12-06', 'No Show', 2771.41),
(898, 27, 7, '2025-07-05', 'Completed', 2385.60),
(899, 70, 25, '2024-05-02', 'Completed', 1009.36),
(900, 197, 3, '2025-02-28', 'Cancelled', 1018.77);

INSERT INTO payments (payment_id, appointment_id, payment_date, payment_method, payment_status, amount) VALUES
(1, 1, '2024-09-28', 'Insurance', 'Paid', 4845.26),
(2, 2, '2024-07-21', 'UPI', 'Paid', 2875.97),
(3, 3, '2025-10-15', 'Cash', 'Pending', 3588.25),
(4, 4, '2025-09-18', 'Insurance', 'Paid', 924.13),
(5, 5, '2025-03-16', 'Cash', 'Paid', 1789.98),
(6, 6, '2025-01-21', 'Insurance', 'Paid', 2490.22),
(7, 7, '2024-12-25', 'UPI', 'Paid', 1424.02),
(8, 8, '2025-02-27', 'Card', 'Pending', 3549.42),
(9, 9, '2025-07-07', 'UPI', 'Paid', 4084.53),
(10, 11, '2024-01-03', 'Card', 'Paid', 4012.99),
(11, 12, '2024-02-20', 'Cash', 'Paid', 2136.87),
(12, 13, '2025-04-12', 'Cash', 'Paid', 1005.78),
(13, 14, '2025-09-24', 'UPI', 'Paid', 832.33),
(14, 16, '2024-03-14', 'UPI', 'Paid', 777.68),
(15, 17, '2024-02-07', 'Cash', 'Paid', 2066.59),
(16, 18, '2024-01-25', 'Cash', 'Paid', 3651.66),
(17, 19, '2025-01-14', 'UPI', 'Paid', 852.43),
(18, 20, '2024-02-22', 'Card', 'Paid', 335.98),
(19, 21, '2025-07-03', 'Card', 'Paid', 1679.08),
(20, 22, '2025-04-09', 'Card', 'Refunded', 794.02),
(21, 23, '2025-10-12', 'UPI', 'Paid', 472.17),
(22, 24, '2024-04-06', 'UPI', 'Paid', 2953.56),
(23, 25, '2025-04-18', 'Card', 'Paid', 4742.86),
(24, 26, '2025-12-07', 'Cash', 'Paid', 4731.24),
(25, 27, '2025-01-30', 'Cash', 'Paid', 3479.92),
(26, 28, '2024-01-11', 'Insurance', 'Pending', 3242.17),
(27, 29, '2024-08-12', 'UPI', 'Refunded', 1362.68),
(28, 30, '2025-07-29', 'Insurance', 'Paid', 4603.33),
(29, 31, '2025-04-20', 'Insurance', 'Paid', 3978.65),
(30, 33, '2024-09-14', 'UPI', 'Paid', 2536.36),
(31, 34, '2024-07-01', 'Cash', 'Paid', 3878.11),
(32, 35, '2024-05-18', 'Card', 'Paid', 3797.18),
(33, 36, '2025-07-22', 'Card', 'Paid', 1122.92),
(34, 37, '2025-04-30', 'Card', 'Paid', 4658.21),
(35, 38, '2024-10-01', 'Cash', 'Paid', 1897.52),
(36, 39, '2024-07-31', 'Insurance', 'Paid', 643.45),
(37, 40, '2025-02-28', 'Insurance', 'Paid', 4383.93),
(38, 41, '2025-12-19', 'Insurance', 'Paid', 1658.97),
(39, 42, '2025-03-21', 'UPI', 'Paid', 4285.80),
(40, 43, '2025-07-07', 'Cash', 'Pending', 505.86),
(41, 44, '2025-10-03', 'Insurance', 'Pending', 738.85),
(42, 45, '2025-02-25', 'UPI', 'Paid', 2190.55),
(43, 46, '2024-02-13', 'Card', 'Paid', 3898.25),
(44, 47, '2025-12-02', 'Insurance', 'Paid', 1301.67),
(45, 48, '2024-12-16', 'Card', 'Paid', 3853.52),
(46, 49, '2025-10-11', 'Cash', 'Paid', 3160.07),
(47, 50, '2024-03-23', 'Card', 'Paid', 4768.62),
(48, 52, '2025-04-28', 'Insurance', 'Pending', 4811.86),
(49, 53, '2025-12-31', 'Cash', 'Paid', 2563.71),
(50, 54, '2024-04-30', 'Insurance', 'Paid', 1149.02),
(51, 55, '2024-08-06', 'UPI', 'Refunded', 1165.07),
(52, 56, '2025-06-24', 'Insurance', 'Paid', 2258.30),
(53, 57, '2024-07-22', 'UPI', 'Paid', 793.58),
(54, 58, '2025-03-17', 'Card', 'Paid', 4749.98),
(55, 59, '2024-07-24', 'Card', 'Paid', 3909.65),
(56, 60, '2024-08-08', 'Insurance', 'Refunded', 998.57),
(57, 61, '2025-12-22', 'Insurance', 'Paid', 537.58),
(58, 62, '2024-09-01', 'Card', 'Paid', 1960.02),
(59, 63, '2024-04-01', 'UPI', 'Paid', 828.79),
(60, 64, '2025-04-16', 'Cash', 'Paid', 3942.76),
(61, 66, '2024-10-07', 'Cash', 'Paid', 2432.65),
(62, 67, '2024-04-03', 'Card', 'Pending', 1571.16),
(63, 68, '2024-12-10', 'Card', 'Paid', 3615.46),
(64, 69, '2025-06-21', 'UPI', 'Pending', 2831.78),
(65, 70, '2024-05-02', 'Cash', 'Paid', 1179.67),
(66, 71, '2025-06-18', 'UPI', 'Paid', 4007.48),
(67, 72, '2025-08-13', 'Insurance', 'Paid', 3984.26),
(68, 73, '2025-11-20', 'Insurance', 'Pending', 3565.49),
(69, 75, '2024-03-17', 'Cash', 'Paid', 1100.05),
(70, 76, '2024-01-09', 'Cash', 'Paid', 2206.45),
(71, 77, '2025-02-17', 'Insurance', 'Paid', 811.08),
(72, 78, '2024-01-01', 'Card', 'Paid', 3671.91),
(73, 79, '2025-10-03', 'Card', 'Paid', 4223.76),
(74, 80, '2024-02-22', 'Insurance', 'Paid', 2112.05),
(75, 81, '2024-02-22', 'Cash', 'Paid', 1770.05),
(76, 83, '2024-07-23', 'Cash', 'Paid', 1862.70),
(77, 84, '2025-04-04', 'Cash', 'Paid', 2017.43),
(78, 85, '2025-03-06', 'UPI', 'Paid', 3788.47),
(79, 86, '2024-04-17', 'Cash', 'Pending', 381.21),
(80, 87, '2024-01-06', 'Cash', 'Paid', 4314.85),
(81, 88, '2024-02-20', 'UPI', 'Refunded', 472.46),
(82, 89, '2024-01-08', 'Cash', 'Paid', 4281.03),
(83, 91, '2024-12-25', 'UPI', 'Paid', 1886.66),
(84, 92, '2024-05-21', 'UPI', 'Paid', 3245.98),
(85, 93, '2024-06-02', 'Insurance', 'Paid', 4723.47),
(86, 94, '2024-01-21', 'Cash', 'Refunded', 2068.32),
(87, 95, '2024-06-26', 'Cash', 'Paid', 4401.96),
(88, 96, '2025-06-04', 'Cash', 'Paid', 4273.50),
(89, 97, '2025-05-18', 'Cash', 'Pending', 4108.34),
(90, 98, '2024-04-13', 'Insurance', 'Paid', 1389.94),
(91, 99, '2024-05-02', 'Card', 'Paid', 725.41),
(92, 100, '2024-04-18', 'Card', 'Paid', 4533.41),
(93, 101, '2025-02-16', 'Insurance', 'Refunded', 2378.17),
(94, 102, '2024-11-17', 'Insurance', 'Paid', 4557.82),
(95, 103, '2024-12-03', 'Insurance', 'Paid', 4119.30),
(96, 104, '2024-11-20', 'Cash', 'Paid', 4265.91),
(97, 105, '2024-04-03', 'Card', 'Paid', 897.41),
(98, 106, '2025-12-24', 'Cash', 'Paid', 4521.13),
(99, 107, '2025-02-09', 'Card', 'Refunded', 863.70),
(100, 108, '2024-01-26', 'UPI', 'Pending', 4867.79),
(101, 109, '2025-06-24', 'Card', 'Pending', 3892.76),
(102, 110, '2024-11-13', 'Card', 'Paid', 2240.60),
(103, 111, '2024-05-19', 'Card', 'Paid', 3866.95),
(104, 112, '2024-01-26', 'Cash', 'Paid', 3397.19),
(105, 113, '2025-12-17', 'Card', 'Paid', 3022.45),
(106, 114, '2025-07-09', 'Card', 'Paid', 1870.25),
(107, 115, '2024-01-12', 'Insurance', 'Paid', 2857.12),
(108, 116, '2025-07-02', 'UPI', 'Paid', 4994.51),
(109, 117, '2025-10-02', 'Cash', 'Paid', 3671.84),
(110, 118, '2025-01-08', 'UPI', 'Paid', 2301.37),
(111, 119, '2025-04-26', 'Card', 'Pending', 3243.74),
(112, 120, '2025-04-24', 'Cash', 'Paid', 4312.80),
(113, 122, '2024-06-28', 'Card', 'Pending', 2791.38),
(114, 123, '2024-03-03', 'Insurance', 'Paid', 1786.00),
(115, 124, '2025-07-10', 'UPI', 'Paid', 2712.64),
(116, 125, '2025-09-07', 'Cash', 'Paid', 4979.98),
(117, 126, '2025-05-17', 'Card', 'Paid', 3148.48),
(118, 127, '2024-11-24', 'Insurance', 'Paid', 865.89),
(119, 128, '2024-05-02', 'Cash', 'Paid', 1489.97),
(120, 129, '2024-07-17', 'Card', 'Paid', 4611.07),
(121, 130, '2025-04-30', 'UPI', 'Paid', 4339.10),
(122, 131, '2024-10-03', 'Card', 'Paid', 4511.54),
(123, 132, '2024-12-12', 'Insurance', 'Paid', 1327.82),
(124, 133, '2025-02-20', 'Insurance', 'Paid', 4565.88),
(125, 134, '2024-09-16', 'Card', 'Paid', 2132.93),
(126, 135, '2025-10-04', 'Insurance', 'Paid', 2854.60),
(127, 137, '2024-04-30', 'UPI', 'Paid', 1423.58),
(128, 138, '2025-10-29', 'Cash', 'Paid', 4530.33),
(129, 139, '2024-10-22', 'Cash', 'Paid', 2498.43),
(130, 140, '2024-08-07', 'UPI', 'Paid', 3016.37),
(131, 141, '2024-08-20', 'Cash', 'Paid', 3214.57),
(132, 143, '2025-06-18', 'UPI', 'Pending', 4405.44),
(133, 144, '2025-06-29', 'Card', 'Paid', 1787.86),
(134, 145, '2024-01-13', 'UPI', 'Paid', 585.50),
(135, 146, '2025-01-31', 'UPI', 'Paid', 391.40),
(136, 147, '2024-09-19', 'Cash', 'Paid', 529.12),
(137, 148, '2024-03-13', 'UPI', 'Refunded', 2085.90),
(138, 149, '2025-05-16', 'Cash', 'Paid', 3776.26),
(139, 151, '2024-03-31', 'Cash', 'Paid', 4348.71),
(140, 152, '2025-11-08', 'Card', 'Paid', 642.34),
(141, 153, '2025-01-08', 'Insurance', 'Paid', 691.92),
(142, 155, '2025-06-05', 'Card', 'Paid', 2219.95),
(143, 156, '2024-06-19', 'Insurance', 'Paid', 452.83),
(144, 157, '2024-01-11', 'Cash', 'Pending', 1392.25),
(145, 158, '2024-09-17', 'Card', 'Paid', 2408.25),
(146, 159, '2024-02-15', 'UPI', 'Paid', 4694.92),
(147, 160, '2025-03-03', 'Card', 'Paid', 905.58),
(148, 161, '2025-03-06', 'UPI', 'Pending', 2466.17),
(149, 162, '2024-12-13', 'Card', 'Paid', 1144.63),
(150, 163, '2024-03-22', 'Cash', 'Pending', 4263.06),
(151, 164, '2025-07-29', 'Insurance', 'Paid', 4870.93),
(152, 165, '2025-03-17', 'Insurance', 'Paid', 2191.47),
(153, 166, '2025-06-29', 'Cash', 'Pending', 3935.31),
(154, 167, '2025-09-23', 'Cash', 'Paid', 2516.43),
(155, 168, '2025-08-05', 'Cash', 'Paid', 410.91),
(156, 169, '2024-01-23', 'Cash', 'Paid', 4877.79),
(157, 170, '2024-01-13', 'Insurance', 'Paid', 3277.50),
(158, 171, '2025-03-10', 'Insurance', 'Pending', 3878.70),
(159, 172, '2024-09-24', 'Cash', 'Paid', 4143.75),
(160, 175, '2024-10-06', 'UPI', 'Refunded', 956.59),
(161, 176, '2024-06-18', 'Cash', 'Refunded', 950.09),
(162, 177, '2025-03-26', 'UPI', 'Paid', 1927.14),
(163, 178, '2025-12-16', 'Card', 'Pending', 1853.64),
(164, 179, '2024-11-02', 'Insurance', 'Paid', 999.26),
(165, 182, '2024-06-21', 'Cash', 'Pending', 1880.70),
(166, 183, '2025-06-06', 'Card', 'Paid', 1159.80),
(167, 185, '2024-06-25', 'UPI', 'Paid', 1691.90),
(168, 186, '2025-01-15', 'Card', 'Pending', 928.62),
(169, 187, '2025-10-15', 'Insurance', 'Paid', 826.04),
(170, 188, '2024-07-04', 'UPI', 'Paid', 2412.04),
(171, 189, '2024-11-24', 'UPI', 'Pending', 4550.99),
(172, 190, '2025-05-14', 'Insurance', 'Pending', 1082.06),
(173, 191, '2025-03-16', 'Cash', 'Pending', 4100.52),
(174, 192, '2024-09-21', 'UPI', 'Paid', 2640.95),
(175, 193, '2024-10-26', 'Insurance', 'Pending', 733.93),
(176, 194, '2024-02-03', 'Insurance', 'Paid', 3021.50),
(177, 195, '2025-10-11', 'UPI', 'Paid', 885.68),
(178, 196, '2024-02-17', 'UPI', 'Paid', 339.35),
(179, 197, '2024-11-27', 'Card', 'Refunded', 931.77),
(180, 198, '2024-04-24', 'Cash', 'Paid', 2120.01),
(181, 200, '2024-07-21', 'UPI', 'Paid', 3382.21),
(182, 201, '2024-12-05', 'Insurance', 'Paid', 1984.39),
(183, 204, '2024-10-19', 'Card', 'Paid', 1781.15),
(184, 205, '2024-04-14', 'Insurance', 'Paid', 471.03),
(185, 206, '2025-11-16', 'Card', 'Paid', 985.10),
(186, 207, '2024-03-11', 'Card', 'Paid', 1937.96),
(187, 208, '2024-02-09', 'UPI', 'Paid', 2874.63),
(188, 209, '2024-03-08', 'UPI', 'Paid', 2839.83),
(189, 210, '2024-10-17', 'Cash', 'Paid', 3685.02),
(190, 211, '2024-11-02', 'Card', 'Refunded', 1797.15),
(191, 212, '2025-10-20', 'UPI', 'Paid', 4949.87),
(192, 213, '2024-11-22', 'UPI', 'Paid', 4299.72),
(193, 215, '2025-06-04', 'Cash', 'Paid', 3606.28),
(194, 216, '2024-02-16', 'UPI', 'Paid', 1814.78),
(195, 217, '2024-12-28', 'UPI', 'Paid', 2937.16),
(196, 218, '2024-12-01', 'Card', 'Paid', 4445.33),
(197, 219, '2024-03-18', 'Insurance', 'Paid', 2675.95),
(198, 220, '2024-08-07', 'UPI', 'Paid', 3319.09),
(199, 221, '2024-08-09', 'Insurance', 'Paid', 557.09),
(200, 222, '2025-08-22', 'Insurance', 'Paid', 2040.46);

INSERT INTO payments (payment_id, appointment_id, payment_date, payment_method, payment_status, amount) VALUES
(201, 223, '2025-10-22', 'UPI', 'Refunded', 1334.69),
(202, 224, '2025-11-03', 'Cash', 'Paid', 4561.68),
(203, 225, '2024-03-24', 'Cash', 'Paid', 1439.48),
(204, 226, '2024-10-07', 'Cash', 'Pending', 4654.75),
(205, 227, '2025-07-22', 'Insurance', 'Pending', 1759.19),
(206, 228, '2025-07-04', 'Insurance', 'Paid', 902.21),
(207, 230, '2025-10-28', 'UPI', 'Refunded', 2338.70),
(208, 231, '2025-10-11', 'UPI', 'Paid', 2074.68),
(209, 232, '2024-07-11', 'UPI', 'Refunded', 1182.50),
(210, 233, '2025-02-16', 'Card', 'Refunded', 1858.82),
(211, 234, '2025-04-02', 'UPI', 'Paid', 2687.25),
(212, 235, '2024-04-25', 'Insurance', 'Paid', 3695.19),
(213, 236, '2025-12-15', 'Insurance', 'Paid', 807.26),
(214, 237, '2024-05-30', 'Card', 'Paid', 4013.35),
(215, 238, '2025-05-27', 'UPI', 'Paid', 4680.92),
(216, 239, '2024-12-06', 'UPI', 'Pending', 2036.93),
(217, 240, '2025-01-11', 'UPI', 'Paid', 4599.62),
(218, 241, '2025-11-23', 'Card', 'Paid', 1116.45),
(219, 242, '2025-06-13', 'Card', 'Pending', 4124.65),
(220, 243, '2025-08-24', 'Card', 'Paid', 1043.06),
(221, 244, '2025-08-31', 'Insurance', 'Paid', 2928.89),
(222, 245, '2024-11-20', 'Card', 'Pending', 3731.61),
(223, 246, '2025-01-16', 'Insurance', 'Paid', 2500.25),
(224, 247, '2024-07-14', 'Card', 'Pending', 4273.82),
(225, 249, '2025-05-15', 'Card', 'Pending', 4869.57),
(226, 250, '2024-12-13', 'Card', 'Paid', 698.85),
(227, 252, '2024-09-23', 'Card', 'Paid', 1208.25),
(228, 253, '2024-10-12', 'Insurance', 'Refunded', 162.94),
(229, 254, '2025-08-03', 'UPI', 'Pending', 1743.34),
(230, 255, '2024-02-25', 'Card', 'Paid', 2730.31),
(231, 256, '2024-11-16', 'Insurance', 'Paid', 4042.46),
(232, 257, '2025-06-02', 'Cash', 'Paid', 4877.71),
(233, 258, '2024-12-27', 'Cash', 'Paid', 3969.96),
(234, 260, '2025-06-27', 'UPI', 'Paid', 2745.89),
(235, 262, '2024-08-04', 'UPI', 'Paid', 4240.50),
(236, 263, '2024-08-01', 'Card', 'Paid', 1374.63),
(237, 264, '2025-02-18', 'UPI', 'Pending', 3181.50),
(238, 265, '2025-05-09', 'Cash', 'Paid', 4337.04),
(239, 267, '2024-05-19', 'UPI', 'Paid', 3874.39),
(240, 268, '2025-05-14', 'UPI', 'Paid', 2290.42),
(241, 269, '2024-10-04', 'UPI', 'Paid', 1819.79),
(242, 270, '2024-08-16', 'Card', 'Paid', 2529.08),
(243, 271, '2024-06-26', 'UPI', 'Paid', 4270.78),
(244, 273, '2025-08-13', 'Card', 'Paid', 2392.61),
(245, 274, '2025-06-05', 'UPI', 'Paid', 3847.45),
(246, 275, '2025-04-30', 'Insurance', 'Paid', 4054.05),
(247, 276, '2024-11-30', 'Cash', 'Paid', 1653.10),
(248, 278, '2024-06-02', 'Card', 'Paid', 4049.40),
(249, 279, '2024-05-26', 'UPI', 'Pending', 3901.27),
(250, 280, '2025-11-25', 'Card', 'Paid', 737.98),
(251, 281, '2025-02-07', 'Insurance', 'Paid', 1227.80),
(252, 282, '2024-08-28', 'Cash', 'Pending', 3555.07),
(253, 283, '2024-03-01', 'Card', 'Refunded', 355.35),
(254, 284, '2025-01-04', 'Insurance', 'Paid', 2288.11),
(255, 285, '2025-08-17', 'Cash', 'Paid', 2055.68),
(256, 286, '2025-10-07', 'UPI', 'Refunded', 2405.45),
(257, 287, '2025-04-08', 'Cash', 'Pending', 4343.98),
(258, 288, '2025-01-08', 'Card', 'Paid', 1521.75),
(259, 289, '2024-06-22', 'Cash', 'Paid', 2346.20),
(260, 290, '2024-08-24', 'Cash', 'Paid', 967.00),
(261, 291, '2024-12-17', 'Cash', 'Paid', 3191.49),
(262, 292, '2025-06-18', 'Cash', 'Pending', 2638.74),
(263, 293, '2024-01-01', 'Cash', 'Paid', 1541.43),
(264, 294, '2024-01-04', 'Card', 'Paid', 4975.21),
(265, 295, '2024-05-26', 'UPI', 'Pending', 2695.28),
(266, 297, '2025-05-25', 'Card', 'Refunded', 2026.21),
(267, 298, '2025-08-01', 'Insurance', 'Paid', 1581.54),
(268, 299, '2025-01-04', 'Card', 'Refunded', 1253.90),
(269, 301, '2025-04-20', 'UPI', 'Paid', 1045.68),
(270, 302, '2024-04-03', 'Insurance', 'Paid', 1117.27),
(271, 303, '2024-01-12', 'Insurance', 'Paid', 4480.10),
(272, 304, '2025-02-27', 'Insurance', 'Paid', 1284.97),
(273, 305, '2025-02-20', 'Insurance', 'Pending', 1871.12),
(274, 306, '2025-10-23', 'Insurance', 'Pending', 3444.69),
(275, 308, '2025-07-24', 'Cash', 'Paid', 3788.63),
(276, 309, '2024-11-29', 'Card', 'Paid', 4543.91),
(277, 310, '2025-04-27', 'Card', 'Paid', 4281.81),
(278, 311, '2025-07-04', 'UPI', 'Paid', 3659.69),
(279, 312, '2024-05-14', 'UPI', 'Paid', 793.70),
(280, 313, '2025-05-20', 'Insurance', 'Paid', 1876.84),
(281, 314, '2024-01-12', 'UPI', 'Paid', 593.06),
(282, 315, '2025-12-09', 'Card', 'Paid', 766.53),
(283, 316, '2025-12-03', 'Insurance', 'Paid', 2325.75),
(284, 319, '2024-06-06', 'UPI', 'Pending', 926.42),
(285, 320, '2025-12-29', 'Card', 'Pending', 4240.84),
(286, 321, '2025-07-06', 'Card', 'Paid', 3305.09),
(287, 322, '2024-06-10', 'Card', 'Refunded', 1298.24),
(288, 323, '2024-02-08', 'Card', 'Paid', 2114.47),
(289, 324, '2024-12-16', 'Card', 'Paid', 326.38),
(290, 325, '2024-05-02', 'Insurance', 'Paid', 4873.42),
(291, 326, '2024-11-07', 'UPI', 'Paid', 3726.28),
(292, 327, '2025-06-07', 'Card', 'Pending', 4484.27),
(293, 329, '2024-03-04', 'Insurance', 'Paid', 2552.08),
(294, 330, '2025-02-02', 'Cash', 'Paid', 4551.76),
(295, 331, '2025-01-22', 'Cash', 'Paid', 2096.27),
(296, 332, '2025-03-25', 'Cash', 'Paid', 4160.65),
(297, 333, '2024-12-03', 'Insurance', 'Pending', 2837.33),
(298, 335, '2024-08-26', 'UPI', 'Paid', 2116.72),
(299, 336, '2024-07-12', 'UPI', 'Paid', 1179.16),
(300, 337, '2025-02-07', 'Insurance', 'Paid', 3697.66),
(301, 338, '2025-06-02', 'Cash', 'Paid', 4817.17),
(302, 339, '2025-07-02', 'Insurance', 'Paid', 4848.35),
(303, 340, '2025-11-14', 'Insurance', 'Paid', 4761.10),
(304, 342, '2025-05-07', 'UPI', 'Paid', 4060.91),
(305, 343, '2024-09-25', 'Insurance', 'Refunded', 212.48),
(306, 344, '2024-03-27', 'Card', 'Pending', 3582.03),
(307, 345, '2024-04-01', 'Cash', 'Paid', 856.20),
(308, 346, '2024-06-11', 'Cash', 'Paid', 2258.27),
(309, 347, '2025-03-15', 'UPI', 'Pending', 3145.01),
(310, 348, '2024-05-11', 'UPI', 'Paid', 3044.69),
(311, 349, '2024-05-22', 'Cash', 'Paid', 1183.38),
(312, 350, '2024-07-09', 'Card', 'Paid', 1810.56),
(313, 351, '2025-11-03', 'Card', 'Paid', 912.11),
(314, 352, '2024-03-15', 'Insurance', 'Pending', 2885.07),
(315, 353, '2024-07-20', 'UPI', 'Paid', 472.49),
(316, 354, '2024-04-11', 'UPI', 'Paid', 1884.02),
(317, 355, '2025-09-03', 'Insurance', 'Refunded', 2328.61),
(318, 356, '2025-08-02', 'UPI', 'Paid', 2305.81),
(319, 357, '2025-09-17', 'Cash', 'Paid', 1539.18),
(320, 359, '2025-07-18', 'UPI', 'Pending', 2809.11),
(321, 360, '2025-05-23', 'Card', 'Paid', 1187.65),
(322, 362, '2025-05-22', 'Cash', 'Paid', 470.25),
(323, 363, '2024-06-01', 'Insurance', 'Paid', 3497.83),
(324, 364, '2025-05-04', 'UPI', 'Paid', 2814.32),
(325, 365, '2024-08-08', 'Cash', 'Paid', 2380.59),
(326, 366, '2025-04-27', 'UPI', 'Paid', 1478.32),
(327, 367, '2024-03-29', 'Insurance', 'Paid', 2100.53),
(328, 368, '2025-09-04', 'UPI', 'Paid', 2024.91),
(329, 369, '2025-02-10', 'UPI', 'Paid', 4971.49),
(330, 370, '2024-07-03', 'Insurance', 'Paid', 1518.75),
(331, 371, '2025-10-22', 'Insurance', 'Paid', 3302.59),
(332, 373, '2024-05-14', 'Cash', 'Pending', 447.87),
(333, 374, '2024-11-26', 'UPI', 'Paid', 3260.93),
(334, 375, '2024-01-26', 'Card', 'Paid', 667.12),
(335, 376, '2024-03-27', 'Cash', 'Paid', 2701.16),
(336, 378, '2025-03-29', 'Cash', 'Paid', 2029.13),
(337, 379, '2025-09-05', 'Card', 'Paid', 3767.16),
(338, 380, '2024-04-12', 'Insurance', 'Paid', 3583.54),
(339, 381, '2024-01-17', 'Insurance', 'Paid', 1915.54),
(340, 382, '2024-11-28', 'UPI', 'Paid', 2246.47),
(341, 384, '2025-12-19', 'Cash', 'Paid', 2968.27),
(342, 385, '2025-01-15', 'Cash', 'Paid', 496.08),
(343, 386, '2024-03-25', 'Cash', 'Paid', 978.06),
(344, 387, '2024-02-15', 'Card', 'Refunded', 2022.48),
(345, 388, '2024-07-29', 'UPI', 'Refunded', 1856.14),
(346, 389, '2025-05-26', 'Card', 'Paid', 1228.87),
(347, 390, '2024-08-29', 'UPI', 'Paid', 1509.59),
(348, 391, '2025-05-15', 'Cash', 'Refunded', 851.96),
(349, 392, '2025-12-06', 'Insurance', 'Paid', 2168.59),
(350, 393, '2024-03-10', 'Cash', 'Pending', 1056.19),
(351, 394, '2024-11-15', 'Insurance', 'Paid', 1047.48),
(352, 395, '2024-01-17', 'UPI', 'Pending', 2825.09),
(353, 396, '2024-07-06', 'UPI', 'Paid', 1137.35),
(354, 397, '2025-03-14', 'Card', 'Paid', 1474.14),
(355, 398, '2024-12-09', 'Insurance', 'Paid', 1066.70),
(356, 399, '2024-06-04', 'Insurance', 'Pending', 4676.36),
(357, 400, '2025-11-19', 'Card', 'Paid', 4124.46),
(358, 401, '2025-01-07', 'Insurance', 'Paid', 2250.05),
(359, 402, '2025-12-17', 'Insurance', 'Pending', 1992.80),
(360, 403, '2025-10-29', 'Cash', 'Pending', 3100.28),
(361, 404, '2025-01-27', 'Cash', 'Refunded', 1201.09),
(362, 405, '2024-07-31', 'Cash', 'Paid', 322.85),
(363, 406, '2025-06-02', 'Cash', 'Paid', 2982.04),
(364, 407, '2024-04-10', 'Cash', 'Refunded', 215.35),
(365, 408, '2025-08-15', 'UPI', 'Paid', 4606.92),
(366, 411, '2024-05-03', 'Card', 'Paid', 3754.91),
(367, 412, '2025-04-28', 'UPI', 'Paid', 2276.37),
(368, 413, '2024-09-06', 'Card', 'Paid', 3347.38),
(369, 414, '2025-07-30', 'Card', 'Pending', 4726.77),
(370, 415, '2025-09-18', 'UPI', 'Refunded', 1819.31),
(371, 416, '2024-12-13', 'UPI', 'Paid', 2555.38),
(372, 417, '2024-03-25', 'Card', 'Paid', 1731.12),
(373, 418, '2024-05-23', 'Insurance', 'Paid', 867.18),
(374, 419, '2025-12-23', 'Cash', 'Paid', 3169.04),
(375, 421, '2024-04-13', 'Cash', 'Refunded', 1634.14),
(376, 422, '2024-09-28', 'Cash', 'Paid', 1666.72),
(377, 423, '2024-09-18', 'Cash', 'Pending', 4430.62),
(378, 424, '2025-06-17', 'UPI', 'Paid', 2182.37),
(379, 425, '2025-07-02', 'Card', 'Paid', 3142.61),
(380, 426, '2025-10-15', 'Card', 'Paid', 2953.12),
(381, 427, '2025-10-09', 'Insurance', 'Paid', 2104.28),
(382, 428, '2024-03-10', 'Insurance', 'Paid', 1686.00),
(383, 429, '2025-08-15', 'Insurance', 'Paid', 937.18),
(384, 430, '2024-02-01', 'UPI', 'Paid', 3114.82),
(385, 431, '2024-03-05', 'UPI', 'Pending', 3776.44),
(386, 432, '2024-08-26', 'Cash', 'Paid', 2498.22),
(387, 433, '2024-04-16', 'Card', 'Pending', 2569.63),
(388, 434, '2024-03-01', 'Insurance', 'Paid', 1009.35),
(389, 436, '2025-04-16', 'Insurance', 'Refunded', 2150.53),
(390, 437, '2025-08-16', 'Cash', 'Paid', 617.02),
(391, 438, '2024-08-24', 'Cash', 'Paid', 4925.59),
(392, 439, '2025-12-26', 'Cash', 'Refunded', 814.92),
(393, 440, '2025-07-20', 'UPI', 'Paid', 2845.57),
(394, 441, '2025-05-25', 'Card', 'Paid', 2466.73),
(395, 442, '2025-10-22', 'Insurance', 'Paid', 1014.52),
(396, 443, '2024-04-10', 'Cash', 'Paid', 2579.55),
(397, 444, '2025-04-24', 'Cash', 'Pending', 2843.55),
(398, 446, '2024-10-11', 'Cash', 'Paid', 1404.17),
(399, 447, '2024-03-31', 'Insurance', 'Paid', 4926.06),
(400, 448, '2024-01-06', 'Cash', 'Paid', 2950.57);

INSERT INTO payments (payment_id, appointment_id, payment_date, payment_method, payment_status, amount) VALUES
(401, 449, '2024-10-01', 'Card', 'Paid', 4159.49),
(402, 450, '2025-09-08', 'Card', 'Paid', 2209.92),
(403, 451, '2025-01-24', 'Insurance', 'Paid', 3174.90),
(404, 452, '2024-06-29', 'Insurance', 'Paid', 4401.86),
(405, 453, '2024-12-31', 'Card', 'Pending', 1326.39),
(406, 454, '2025-12-19', 'Cash', 'Pending', 1139.46),
(407, 455, '2025-04-15', 'Cash', 'Paid', 1713.64),
(408, 456, '2024-05-10', 'Cash', 'Paid', 862.80),
(409, 457, '2025-12-20', 'Cash', 'Pending', 3681.08),
(410, 458, '2025-01-09', 'Cash', 'Paid', 3518.91),
(411, 459, '2025-07-16', 'Card', 'Paid', 496.75),
(412, 460, '2024-10-06', 'Card', 'Refunded', 2085.24),
(413, 461, '2025-04-02', 'Card', 'Paid', 2239.81),
(414, 462, '2024-07-19', 'UPI', 'Paid', 4257.56),
(415, 463, '2024-05-05', 'Cash', 'Pending', 4412.69),
(416, 464, '2025-08-14', 'Cash', 'Paid', 2984.46),
(417, 465, '2024-02-06', 'UPI', 'Paid', 810.27),
(418, 466, '2025-04-27', 'Cash', 'Paid', 3225.26),
(419, 467, '2024-01-28', 'Cash', 'Paid', 4759.43),
(420, 468, '2025-09-28', 'Cash', 'Paid', 3758.07),
(421, 469, '2024-08-31', 'Insurance', 'Paid', 1307.24),
(422, 470, '2024-06-03', 'Insurance', 'Paid', 3515.63),
(423, 471, '2025-11-03', 'UPI', 'Paid', 2447.05),
(424, 472, '2025-01-17', 'Card', 'Paid', 1796.22),
(425, 473, '2024-04-25', 'Cash', 'Paid', 1303.85),
(426, 474, '2024-12-11', 'Card', 'Paid', 4452.65),
(427, 475, '2025-03-26', 'UPI', 'Paid', 3593.74),
(428, 476, '2025-08-11', 'Insurance', 'Paid', 3396.37),
(429, 478, '2025-03-10', 'Cash', 'Paid', 3327.44),
(430, 479, '2024-08-08', 'Card', 'Paid', 3692.18),
(431, 480, '2025-01-06', 'Cash', 'Paid', 3458.44),
(432, 482, '2024-06-12', 'Card', 'Paid', 3521.96),
(433, 483, '2025-09-14', 'Insurance', 'Paid', 4925.98),
(434, 484, '2025-05-09', 'Insurance', 'Paid', 1428.75),
(435, 485, '2024-02-17', 'UPI', 'Paid', 4488.37),
(436, 486, '2025-07-13', 'Insurance', 'Paid', 4998.10),
(437, 487, '2025-10-22', 'Card', 'Paid', 3433.74),
(438, 488, '2024-05-20', 'Cash', 'Paid', 3688.74),
(439, 489, '2024-12-06', 'Insurance', 'Paid', 1325.36),
(440, 490, '2024-07-03', 'UPI', 'Pending', 3341.30),
(441, 491, '2024-04-16', 'Cash', 'Paid', 1127.77),
(442, 492, '2025-03-30', 'Cash', 'Paid', 2918.31),
(443, 493, '2025-04-10', 'Insurance', 'Paid', 1809.66),
(444, 494, '2025-02-25', 'Insurance', 'Paid', 1152.14),
(445, 495, '2025-03-06', 'UPI', 'Paid', 2191.53),
(446, 496, '2025-12-16', 'Insurance', 'Paid', 2680.70),
(447, 497, '2025-08-17', 'UPI', 'Paid', 3134.00),
(448, 498, '2025-08-07', 'Cash', 'Pending', 2425.06),
(449, 499, '2025-03-05', 'UPI', 'Pending', 1191.73),
(450, 500, '2024-10-14', 'Cash', 'Paid', 3166.97),
(451, 501, '2025-03-03', 'Card', 'Paid', 4320.01),
(452, 502, '2025-07-24', 'Cash', 'Refunded', 357.14),
(453, 503, '2025-06-20', 'UPI', 'Paid', 1237.26),
(454, 504, '2025-08-29', 'Card', 'Paid', 2995.36),
(455, 505, '2024-03-19', 'Insurance', 'Paid', 3426.29),
(456, 506, '2024-09-11', 'UPI', 'Paid', 2878.99),
(457, 508, '2025-03-10', 'Card', 'Paid', 778.38),
(458, 509, '2025-08-02', 'Card', 'Paid', 3344.32),
(459, 510, '2025-12-26', 'Cash', 'Pending', 2240.48),
(460, 511, '2024-03-26', 'Card', 'Pending', 4297.60),
(461, 512, '2024-03-17', 'UPI', 'Paid', 3130.02),
(462, 513, '2024-01-14', 'Card', 'Paid', 2152.16),
(463, 514, '2024-01-28', 'Card', 'Paid', 4354.25),
(464, 515, '2024-06-08', 'Card', 'Pending', 724.60),
(465, 516, '2024-10-18', 'UPI', 'Paid', 598.12),
(466, 519, '2024-03-21', 'Cash', 'Paid', 4834.98),
(467, 520, '2025-06-05', 'Cash', 'Pending', 2594.59),
(468, 521, '2024-09-10', 'Card', 'Refunded', 1069.00),
(469, 522, '2024-11-25', 'Cash', 'Paid', 3812.05),
(470, 524, '2025-10-13', 'Insurance', 'Paid', 771.49),
(471, 525, '2024-12-09', 'Insurance', 'Paid', 4571.29),
(472, 527, '2025-09-01', 'Insurance', 'Paid', 3219.96),
(473, 528, '2024-11-18', 'Card', 'Pending', 2878.82),
(474, 529, '2025-06-30', 'Cash', 'Paid', 2939.79),
(475, 530, '2024-09-21', 'Insurance', 'Paid', 330.25),
(476, 531, '2025-02-13', 'Insurance', 'Paid', 4885.05),
(477, 532, '2025-03-02', 'UPI', 'Paid', 3684.72),
(478, 533, '2025-03-11', 'Insurance', 'Pending', 3982.75),
(479, 534, '2025-03-15', 'Insurance', 'Paid', 994.06),
(480, 535, '2025-04-22', 'Insurance', 'Paid', 1999.39),
(481, 537, '2024-12-31', 'Insurance', 'Paid', 2163.32),
(482, 538, '2025-02-17', 'Cash', 'Paid', 1792.52),
(483, 539, '2025-11-20', 'Card', 'Paid', 4420.20),
(484, 540, '2024-07-22', 'Cash', 'Paid', 2626.11),
(485, 541, '2025-04-17', 'Cash', 'Paid', 837.38),
(486, 542, '2024-06-19', 'Cash', 'Paid', 2105.92),
(487, 545, '2024-09-21', 'UPI', 'Paid', 3979.33),
(488, 546, '2024-03-28', 'Cash', 'Paid', 4517.04),
(489, 547, '2024-03-06', 'UPI', 'Paid', 2138.88),
(490, 548, '2025-06-18', 'Cash', 'Paid', 4391.02),
(491, 549, '2024-08-05', 'Insurance', 'Paid', 3145.01),
(492, 550, '2025-09-25', 'Cash', 'Paid', 2258.40),
(493, 551, '2024-02-06', 'Cash', 'Paid', 670.83),
(494, 552, '2024-03-26', 'UPI', 'Paid', 4810.85),
(495, 553, '2024-08-27', 'Cash', 'Paid', 4115.89),
(496, 554, '2025-06-15', 'Card', 'Paid', 3260.53),
(497, 555, '2025-06-27', 'UPI', 'Paid', 838.18),
(498, 556, '2025-01-31', 'Cash', 'Pending', 4220.69),
(499, 557, '2025-05-16', 'UPI', 'Paid', 4760.04),
(500, 558, '2024-03-30', 'Insurance', 'Paid', 4735.77),
(501, 559, '2024-01-03', 'UPI', 'Refunded', 1566.82),
(502, 560, '2024-05-27', 'Card', 'Refunded', 1171.08),
(503, 561, '2024-03-13', 'Insurance', 'Pending', 2076.52),
(504, 562, '2024-12-30', 'Card', 'Paid', 3315.80),
(505, 563, '2024-04-16', 'UPI', 'Paid', 842.95),
(506, 564, '2024-05-01', 'Cash', 'Paid', 2989.21),
(507, 566, '2024-06-28', 'Cash', 'Paid', 3454.06),
(508, 567, '2024-11-26', 'UPI', 'Paid', 3982.97),
(509, 568, '2024-08-19', 'Cash', 'Pending', 1541.14),
(510, 569, '2025-03-07', 'UPI', 'Paid', 2311.37),
(511, 570, '2025-11-19', 'UPI', 'Paid', 460.72),
(512, 571, '2025-05-09', 'Insurance', 'Paid', 1260.46),
(513, 572, '2025-11-17', 'Card', 'Paid', 887.10),
(514, 573, '2025-01-13', 'UPI', 'Paid', 3735.86),
(515, 574, '2025-01-18', 'Cash', 'Paid', 2861.94),
(516, 575, '2025-04-18', 'Card', 'Paid', 2909.14),
(517, 576, '2024-09-21', 'Cash', 'Paid', 407.87),
(518, 577, '2024-11-26', 'UPI', 'Paid', 2446.10),
(519, 578, '2025-07-02', 'UPI', 'Paid', 2244.22),
(520, 579, '2024-06-02', 'Insurance', 'Paid', 3447.62),
(521, 580, '2024-06-14', 'Insurance', 'Pending', 1075.16),
(522, 581, '2025-03-06', 'UPI', 'Paid', 2775.35),
(523, 582, '2024-09-25', 'UPI', 'Paid', 884.10),
(524, 583, '2024-06-25', 'UPI', 'Paid', 3415.24),
(525, 584, '2025-10-23', 'UPI', 'Paid', 3280.03),
(526, 585, '2024-06-13', 'Cash', 'Paid', 2612.51),
(527, 586, '2025-02-09', 'UPI', 'Paid', 4785.00),
(528, 587, '2025-06-27', 'UPI', 'Paid', 454.43),
(529, 588, '2024-06-14', 'Cash', 'Pending', 4838.22),
(530, 591, '2025-06-01', 'Cash', 'Paid', 513.29),
(531, 592, '2025-11-04', 'Cash', 'Paid', 1914.37),
(532, 593, '2025-10-27', 'UPI', 'Paid', 3170.91),
(533, 594, '2024-07-14', 'Cash', 'Paid', 478.34),
(534, 595, '2024-12-01', 'Insurance', 'Paid', 1696.88),
(535, 596, '2025-07-12', 'UPI', 'Paid', 3587.18),
(536, 597, '2025-10-02', 'Card', 'Paid', 3748.52),
(537, 598, '2024-11-13', 'Insurance', 'Paid', 4967.82),
(538, 599, '2024-08-06', 'Card', 'Paid', 4170.11),
(539, 600, '2025-10-17', 'Cash', 'Refunded', 1024.52),
(540, 601, '2025-06-24', 'Card', 'Paid', 4330.22),
(541, 602, '2025-07-20', 'Insurance', 'Paid', 3885.05),
(542, 603, '2024-03-21', 'Card', 'Pending', 3660.58),
(543, 604, '2025-02-27', 'Insurance', 'Paid', 340.49),
(544, 605, '2025-12-23', 'UPI', 'Pending', 4025.63),
(545, 607, '2024-05-02', 'Insurance', 'Paid', 787.26),
(546, 608, '2025-10-18', 'Cash', 'Paid', 3632.21),
(547, 609, '2024-08-12', 'Cash', 'Paid', 501.47),
(548, 611, '2025-08-13', 'UPI', 'Pending', 4004.17),
(549, 612, '2024-03-11', 'Cash', 'Paid', 2070.39),
(550, 613, '2024-01-11', 'Card', 'Paid', 2136.51),
(551, 614, '2024-06-18', 'Cash', 'Paid', 3158.85),
(552, 615, '2025-01-24', 'Insurance', 'Paid', 409.77),
(553, 616, '2024-12-05', 'Card', 'Paid', 4501.80),
(554, 617, '2024-01-01', 'Insurance', 'Paid', 4727.70),
(555, 618, '2024-04-20', 'Insurance', 'Refunded', 1215.07),
(556, 619, '2025-10-17', 'Insurance', 'Paid', 3675.85),
(557, 620, '2025-04-25', 'UPI', 'Paid', 4511.34),
(558, 621, '2025-01-28', 'Cash', 'Paid', 3330.26),
(559, 622, '2025-02-18', 'Insurance', 'Paid', 1580.30),
(560, 623, '2024-11-14', 'UPI', 'Paid', 4883.30),
(561, 624, '2025-02-13', 'Insurance', 'Paid', 900.02),
(562, 625, '2024-11-12', 'UPI', 'Paid', 4261.93),
(563, 626, '2025-11-03', 'Card', 'Paid', 4714.46),
(564, 627, '2025-11-12', 'Insurance', 'Paid', 2223.32),
(565, 629, '2025-10-23', 'Cash', 'Paid', 3355.75),
(566, 630, '2024-09-25', 'Card', 'Refunded', 1729.05),
(567, 631, '2024-07-27', 'Insurance', 'Paid', 1688.18),
(568, 632, '2024-03-18', 'Insurance', 'Paid', 4210.33),
(569, 633, '2025-01-18', 'Insurance', 'Refunded', 389.65),
(570, 634, '2024-07-19', 'UPI', 'Paid', 1495.44),
(571, 635, '2024-08-15', 'Insurance', 'Paid', 601.52),
(572, 636, '2024-11-09', 'Card', 'Paid', 848.95),
(573, 637, '2024-12-28', 'Cash', 'Paid', 2569.41),
(574, 638, '2024-01-15', 'Cash', 'Paid', 3653.91),
(575, 639, '2024-08-09', 'Insurance', 'Paid', 3767.46),
(576, 640, '2024-07-24', 'Card', 'Paid', 1523.29),
(577, 641, '2024-03-15', 'Insurance', 'Paid', 1210.98),
(578, 642, '2025-03-02', 'Card', 'Paid', 2680.17),
(579, 643, '2024-07-21', 'Insurance', 'Paid', 4595.22),
(580, 644, '2024-12-10', 'Insurance', 'Paid', 2429.27),
(581, 645, '2025-06-18', 'Insurance', 'Paid', 4761.59),
(582, 646, '2024-11-17', 'UPI', 'Paid', 477.89),
(583, 647, '2024-04-10', 'Insurance', 'Paid', 3137.01),
(584, 648, '2024-11-03', 'Insurance', 'Refunded', 1244.40),
(585, 649, '2024-02-05', 'UPI', 'Paid', 3062.84),
(586, 650, '2025-06-08', 'Card', 'Paid', 3900.41),
(587, 651, '2025-06-23', 'Insurance', 'Paid', 4373.22),
(588, 652, '2025-07-03', 'Card', 'Paid', 1596.11),
(589, 653, '2025-08-08', 'Card', 'Paid', 886.27),
(590, 654, '2025-09-30', 'Card', 'Paid', 523.15),
(591, 655, '2024-10-27', 'Cash', 'Paid', 4564.20),
(592, 657, '2024-08-28', 'Card', 'Pending', 4408.85),
(593, 658, '2024-11-09', 'Cash', 'Paid', 1409.59),
(594, 659, '2025-11-20', 'Insurance', 'Paid', 2382.65),
(595, 660, '2024-03-08', 'Insurance', 'Pending', 2046.13),
(596, 661, '2024-03-23', 'Card', 'Paid', 3812.55),
(597, 662, '2025-12-16', 'Cash', 'Pending', 506.04),
(598, 663, '2024-04-29', 'Card', 'Pending', 2523.38),
(599, 664, '2024-11-07', 'Insurance', 'Paid', 3471.60),
(600, 666, '2025-01-14', 'UPI', 'Paid', 507.69);

INSERT INTO payments (payment_id, appointment_id, payment_date, payment_method, payment_status, amount) VALUES
(601, 667, '2025-04-18', 'Cash', 'Paid', 4482.72),
(602, 668, '2024-09-18', 'Card', 'Paid', 4389.45),
(603, 669, '2024-05-19', 'Cash', 'Paid', 839.31),
(604, 670, '2025-07-20', 'Card', 'Pending', 3650.82),
(605, 671, '2024-11-24', 'Cash', 'Pending', 2275.38),
(606, 672, '2025-06-08', 'UPI', 'Paid', 2349.15),
(607, 673, '2024-06-17', 'Card', 'Pending', 2832.88),
(608, 675, '2025-05-06', 'UPI', 'Paid', 3258.03),
(609, 676, '2025-03-09', 'Cash', 'Pending', 4762.20),
(610, 677, '2024-06-17', 'Card', 'Paid', 3415.50),
(611, 679, '2024-03-23', 'Card', 'Pending', 1416.22),
(612, 680, '2025-12-13', 'UPI', 'Paid', 2293.95),
(613, 681, '2024-07-13', 'Cash', 'Paid', 867.15),
(614, 682, '2025-04-29', 'UPI', 'Paid', 2189.44),
(615, 683, '2025-04-20', 'Card', 'Paid', 1618.63),
(616, 684, '2024-04-22', 'UPI', 'Pending', 1634.75),
(617, 685, '2025-07-11', 'UPI', 'Paid', 3378.88),
(618, 686, '2025-12-31', 'Cash', 'Paid', 3710.99),
(619, 687, '2024-01-13', 'Card', 'Paid', 4040.46),
(620, 688, '2024-05-28', 'Insurance', 'Refunded', 1590.71),
(621, 689, '2025-07-06', 'UPI', 'Pending', 1885.94),
(622, 690, '2024-10-27', 'Card', 'Paid', 2875.41),
(623, 691, '2024-03-27', 'Insurance', 'Paid', 2230.71),
(624, 692, '2024-07-17', 'UPI', 'Paid', 3242.16),
(625, 693, '2024-03-07', 'Insurance', 'Paid', 4001.20),
(626, 694, '2025-09-13', 'UPI', 'Refunded', 743.08),
(627, 696, '2024-12-27', 'UPI', 'Refunded', 1040.41),
(628, 697, '2025-04-24', 'Insurance', 'Paid', 1148.39),
(629, 698, '2025-08-15', 'Card', 'Paid', 4368.15),
(630, 699, '2025-10-10', 'Card', 'Paid', 796.13),
(631, 701, '2025-10-08', 'Insurance', 'Paid', 3640.52),
(632, 702, '2024-05-14', 'UPI', 'Paid', 1812.16),
(633, 703, '2025-06-09', 'Insurance', 'Paid', 843.41),
(634, 704, '2025-01-11', 'Insurance', 'Paid', 1315.83),
(635, 705, '2024-07-29', 'Cash', 'Paid', 4981.82),
(636, 706, '2025-11-18', 'Card', 'Paid', 383.74),
(637, 707, '2024-10-26', 'Insurance', 'Paid', 405.62),
(638, 708, '2025-05-23', 'Card', 'Paid', 433.65),
(639, 709, '2024-10-19', 'Card', 'Paid', 3601.49),
(640, 710, '2024-01-14', 'Card', 'Pending', 1592.80),
(641, 711, '2025-04-10', 'Card', 'Paid', 1384.64),
(642, 712, '2024-02-07', 'UPI', 'Paid', 3725.76),
(643, 713, '2024-06-17', 'Insurance', 'Paid', 1997.48),
(644, 714, '2025-02-20', 'UPI', 'Paid', 1519.92),
(645, 715, '2024-08-08', 'Insurance', 'Paid', 1963.31),
(646, 716, '2024-09-06', 'Card', 'Paid', 501.35),
(647, 717, '2025-07-21', 'Cash', 'Paid', 2324.36),
(648, 718, '2024-11-25', 'Cash', 'Paid', 4926.64),
(649, 719, '2025-10-04', 'Card', 'Paid', 4681.66),
(650, 720, '2025-05-21', 'Insurance', 'Paid', 2518.48),
(651, 721, '2024-11-07', 'Card', 'Paid', 2348.80),
(652, 722, '2024-04-13', 'Cash', 'Paid', 555.64),
(653, 723, '2024-10-13', 'Cash', 'Paid', 4373.41),
(654, 724, '2024-07-01', 'Insurance', 'Paid', 1102.53),
(655, 726, '2025-11-30', 'Insurance', 'Paid', 1452.59),
(656, 728, '2024-08-17', 'Insurance', 'Pending', 1505.82),
(657, 729, '2024-12-23', 'Cash', 'Paid', 4066.30),
(658, 730, '2024-12-23', 'Insurance', 'Paid', 926.69),
(659, 731, '2024-08-12', 'Insurance', 'Paid', 2261.33),
(660, 732, '2024-07-12', 'Insurance', 'Paid', 1792.70),
(661, 733, '2024-08-20', 'Cash', 'Paid', 4094.12),
(662, 734, '2024-12-31', 'Insurance', 'Paid', 1745.58),
(663, 735, '2024-05-14', 'Insurance', 'Paid', 3796.34),
(664, 736, '2025-03-31', 'UPI', 'Paid', 4069.95),
(665, 737, '2025-01-13', 'Card', 'Paid', 2039.49),
(666, 738, '2024-06-15', 'Card', 'Paid', 1928.17),
(667, 739, '2024-05-16', 'Insurance', 'Paid', 3222.45),
(668, 740, '2025-05-25', 'Card', 'Paid', 1628.79),
(669, 741, '2025-01-15', 'Cash', 'Paid', 3588.93),
(670, 742, '2024-07-15', 'Cash', 'Paid', 840.85),
(671, 743, '2025-03-28', 'UPI', 'Paid', 2461.02),
(672, 745, '2024-01-27', 'UPI', 'Paid', 2600.04),
(673, 746, '2025-05-06', 'UPI', 'Paid', 1160.95),
(674, 747, '2024-04-25', 'Card', 'Paid', 4473.08),
(675, 748, '2024-07-02', 'Insurance', 'Paid', 1553.35),
(676, 749, '2024-12-14', 'Cash', 'Paid', 1285.80),
(677, 750, '2025-01-18', 'Card', 'Pending', 2633.43),
(678, 751, '2025-01-11', 'Cash', 'Paid', 4279.27),
(679, 752, '2024-02-23', 'Insurance', 'Pending', 3256.53),
(680, 753, '2024-09-11', 'Insurance', 'Paid', 1615.95),
(681, 754, '2024-07-09', 'Insurance', 'Paid', 1035.06),
(682, 756, '2025-05-02', 'Cash', 'Paid', 2204.98),
(683, 757, '2024-10-19', 'UPI', 'Paid', 3952.56),
(684, 758, '2025-12-30', 'Insurance', 'Refunded', 344.94),
(685, 759, '2025-07-28', 'Card', 'Refunded', 1400.98),
(686, 760, '2025-08-23', 'Insurance', 'Paid', 4610.32),
(687, 761, '2025-09-01', 'Insurance', 'Paid', 4977.69),
(688, 762, '2024-01-13', 'Card', 'Paid', 3082.82),
(689, 763, '2025-01-10', 'UPI', 'Pending', 4648.34),
(690, 764, '2025-05-24', 'Cash', 'Paid', 3630.23),
(691, 765, '2024-01-30', 'Card', 'Paid', 1205.92),
(692, 766, '2025-06-29', 'UPI', 'Pending', 2484.29),
(693, 767, '2025-08-10', 'Card', 'Paid', 1630.32),
(694, 768, '2025-01-04', 'Insurance', 'Paid', 4664.87),
(695, 769, '2024-12-19', 'UPI', 'Pending', 2858.21),
(696, 771, '2024-06-02', 'Insurance', 'Paid', 656.25),
(697, 772, '2025-02-15', 'Card', 'Paid', 1954.40),
(698, 773, '2025-11-12', 'Cash', 'Paid', 1081.47),
(699, 774, '2024-02-10', 'UPI', 'Paid', 2447.52),
(700, 775, '2025-05-22', 'UPI', 'Paid', 3516.90),
(701, 776, '2025-09-06', 'Insurance', 'Refunded', 475.76),
(702, 777, '2025-01-25', 'Insurance', 'Paid', 3518.78),
(703, 778, '2025-03-30', 'Card', 'Paid', 3922.10),
(704, 779, '2024-11-16', 'Insurance', 'Paid', 2326.47),
(705, 780, '2025-05-01', 'Cash', 'Paid', 4092.49),
(706, 781, '2025-03-11', 'Insurance', 'Paid', 2445.68),
(707, 782, '2025-11-24', 'Cash', 'Paid', 4565.02),
(708, 783, '2024-07-25', 'UPI', 'Paid', 3126.67),
(709, 785, '2024-03-23', 'Card', 'Pending', 1335.86),
(710, 786, '2024-02-12', 'UPI', 'Paid', 3931.42),
(711, 787, '2025-11-27', 'Cash', 'Pending', 1266.60),
(712, 788, '2025-06-09', 'Insurance', 'Paid', 1065.31),
(713, 790, '2025-12-16', 'Cash', 'Refunded', 666.85),
(714, 791, '2024-09-03', 'Card', 'Pending', 2631.55),
(715, 792, '2025-07-10', 'Insurance', 'Paid', 3225.09),
(716, 793, '2024-10-07', 'Cash', 'Paid', 1867.64),
(717, 796, '2025-02-13', 'Cash', 'Paid', 2574.86),
(718, 797, '2025-05-01', 'Insurance', 'Paid', 2586.54),
(719, 799, '2024-04-10', 'UPI', 'Paid', 4566.68),
(720, 800, '2025-09-14', 'Cash', 'Pending', 2465.02),
(721, 801, '2025-07-08', 'UPI', 'Paid', 3649.57),
(722, 802, '2024-12-18', 'UPI', 'Pending', 1783.67),
(723, 805, '2024-12-10', 'Card', 'Pending', 3824.07),
(724, 806, '2024-04-19', 'UPI', 'Paid', 3877.12),
(725, 807, '2024-12-27', 'UPI', 'Paid', 4994.24),
(726, 809, '2024-07-10', 'Cash', 'Paid', 4245.26),
(727, 810, '2025-07-18', 'Cash', 'Paid', 4719.08),
(728, 811, '2024-03-05', 'Card', 'Paid', 1308.92),
(729, 813, '2024-02-13', 'Insurance', 'Paid', 3951.57),
(730, 814, '2025-08-24', 'UPI', 'Paid', 4672.93),
(731, 815, '2025-11-07', 'Card', 'Paid', 832.18),
(732, 816, '2024-10-19', 'UPI', 'Pending', 1361.25),
(733, 817, '2024-08-20', 'Cash', 'Paid', 4495.92),
(734, 818, '2025-06-05', 'UPI', 'Paid', 2886.48),
(735, 820, '2024-03-11', 'UPI', 'Paid', 2129.99),
(736, 821, '2025-12-12', 'Cash', 'Paid', 2375.22),
(737, 822, '2024-02-20', 'Insurance', 'Paid', 2229.51),
(738, 823, '2024-12-13', 'Insurance', 'Paid', 916.74),
(739, 824, '2024-12-03', 'Insurance', 'Paid', 2322.80),
(740, 825, '2025-12-24', 'Card', 'Refunded', 382.86),
(741, 826, '2025-10-24', 'UPI', 'Pending', 1962.86),
(742, 827, '2024-09-06', 'Card', 'Paid', 3336.36),
(743, 828, '2024-09-06', 'Cash', 'Paid', 2933.77),
(744, 830, '2024-09-15', 'Card', 'Paid', 3807.90),
(745, 831, '2024-01-30', 'Card', 'Pending', 4775.35),
(746, 832, '2025-01-24', 'UPI', 'Paid', 4964.09),
(747, 833, '2025-10-20', 'Card', 'Paid', 1128.32),
(748, 834, '2024-11-20', 'Card', 'Paid', 1476.74),
(749, 835, '2024-11-26', 'Insurance', 'Paid', 3020.28),
(750, 836, '2025-04-28', 'UPI', 'Pending', 1538.65),
(751, 837, '2025-09-28', 'Insurance', 'Paid', 4880.79),
(752, 838, '2025-04-09', 'Cash', 'Paid', 4332.28),
(753, 839, '2024-08-05', 'UPI', 'Paid', 4851.79),
(754, 840, '2025-11-05', 'Cash', 'Pending', 3122.46),
(755, 841, '2025-11-29', 'Insurance', 'Paid', 4636.69),
(756, 842, '2025-10-08', 'Card', 'Pending', 708.75),
(757, 843, '2025-11-27', 'Cash', 'Paid', 2820.38),
(758, 844, '2024-12-04', 'Card', 'Paid', 360.73),
(759, 845, '2024-06-28', 'Card', 'Paid', 2345.67),
(760, 846, '2024-02-14', 'Cash', 'Refunded', 119.92),
(761, 847, '2025-02-21', 'Cash', 'Paid', 978.31),
(762, 848, '2024-09-23', 'Cash', 'Paid', 2800.46),
(763, 849, '2024-04-23', 'Card', 'Paid', 3243.28),
(764, 850, '2024-09-18', 'UPI', 'Paid', 741.86),
(765, 851, '2024-07-15', 'Insurance', 'Paid', 1258.24),
(766, 853, '2025-11-21', 'Insurance', 'Paid', 4629.44),
(767, 855, '2024-04-24', 'Insurance', 'Paid', 704.33),
(768, 856, '2024-05-06', 'Cash', 'Paid', 4807.81),
(769, 857, '2025-01-28', 'Insurance', 'Paid', 4095.37),
(770, 858, '2025-08-04', 'UPI', 'Paid', 3315.07),
(771, 861, '2024-06-27', 'Insurance', 'Paid', 342.48),
(772, 862, '2025-05-07', 'Cash', 'Paid', 1191.83),
(773, 864, '2024-05-06', 'Card', 'Paid', 3749.01),
(774, 865, '2025-11-15', 'Card', 'Paid', 629.07),
(775, 866, '2025-03-10', 'UPI', 'Paid', 4046.85),
(776, 867, '2024-11-08', 'UPI', 'Paid', 1913.32),
(777, 868, '2024-03-24', 'Insurance', 'Refunded', 1816.73),
(778, 869, '2025-04-22', 'Cash', 'Paid', 2699.45),
(779, 871, '2025-08-22', 'Insurance', 'Paid', 680.05),
(780, 872, '2025-04-21', 'Cash', 'Paid', 1201.19),
(781, 873, '2024-08-11', 'UPI', 'Pending', 386.18),
(782, 874, '2025-01-12', 'UPI', 'Paid', 2570.92),
(783, 875, '2024-05-19', 'Card', 'Pending', 1348.14),
(784, 876, '2025-01-07', 'Insurance', 'Pending', 4080.35),
(785, 878, '2024-07-03', 'Card', 'Paid', 2558.78),
(786, 879, '2025-07-17', 'Cash', 'Paid', 2879.46),
(787, 880, '2024-03-31', 'Insurance', 'Paid', 994.39),
(788, 881, '2025-07-17', 'UPI', 'Paid', 516.71),
(789, 882, '2025-06-05', 'Card', 'Refunded', 1743.38),
(790, 883, '2025-10-01', 'Insurance', 'Paid', 3714.27),
(791, 884, '2025-12-08', 'Cash', 'Paid', 4813.60),
(792, 885, '2024-04-29', 'Insurance', 'Paid', 913.19),
(793, 886, '2024-10-05', 'Card', 'Paid', 984.70),
(794, 888, '2025-01-28', 'Card', 'Paid', 609.00),
(795, 891, '2025-05-19', 'UPI', 'Paid', 2497.23),
(796, 892, '2024-12-15', 'Card', 'Paid', 2649.74),
(797, 893, '2024-02-09', 'Insurance', 'Paid', 598.81),
(798, 894, '2025-08-16', 'Card', 'Paid', 1148.13),
(799, 895, '2024-07-29', 'UPI', 'Paid', 4661.32),
(800, 896, '2025-01-07', 'Card', 'Paid', 4728.29);

INSERT INTO payments (payment_id, appointment_id, payment_date, payment_method, payment_status, amount) VALUES
(801, 897, '2025-12-06', 'Card', 'Paid', 694.63),
(802, 898, '2025-07-05', 'Cash', 'Pending', 3998.87),
(803, 899, '2024-05-02', 'UPI', 'Paid', 995.39),
(804, 900, '2025-02-28', 'Insurance', 'Pending', 1520.16);

INSERT INTO prescriptions (prescription_id, appointment_id, medicine_name, dosage, days_count) VALUES
(1, 1, 'Ibuprofen', 'Before sleep', 5),
(2, 2, 'Cetirizine', '1 tablet daily', 14),
(3, 2, 'Vitamin D', '2 tablets daily', 7),
(4, 3, 'Azithromycin', 'Before sleep', 10),
(5, 6, 'Vitamin D', 'After meals', 10),
(6, 6, 'Azithromycin', '1 tablet daily', 7),
(7, 6, 'Amoxicillin', 'Before sleep', 5),
(8, 8, 'Vitamin D', '2 tablets daily', 14),
(9, 10, 'Ibuprofen', 'Before sleep', 14),
(10, 11, 'Pantoprazole', '2 tablets daily', 10),
(11, 13, 'Metformin', '1 tablet daily', 10),
(12, 13, 'Azithromycin', '2 tablets daily', 7),
(13, 14, 'Paracetamol', '1 tablet daily', 7),
(14, 14, 'Pantoprazole', 'After meals', 7),
(15, 14, 'Ibuprofen', 'After meals', 3),
(16, 17, 'Ibuprofen', 'Before sleep', 14),
(17, 19, 'Pantoprazole', '2 tablets daily', 7),
(18, 19, 'Amoxicillin', '2 tablets daily', 5),
(19, 19, 'Ibuprofen', 'Before sleep', 7),
(20, 25, 'Vitamin D', 'Before sleep', 3),
(21, 26, 'Ibuprofen', '1 tablet daily', 14),
(22, 26, 'Amoxicillin', 'Before sleep', 3),
(23, 28, 'Ibuprofen', '2 tablets daily', 10),
(24, 28, 'Amoxicillin', 'After meals', 5),
(25, 29, 'Paracetamol', '1 tablet daily', 5),
(26, 29, 'Amoxicillin', 'Before sleep', 14),
(27, 29, 'Cetirizine', '1 tablet daily', 10),
(28, 31, 'Vitamin D', 'After meals', 3),
(29, 32, 'Azithromycin', 'Before sleep', 10),
(30, 32, 'Paracetamol', '1 tablet daily', 14),
(31, 33, 'Pantoprazole', '2 tablets daily', 7),
(32, 36, 'Ibuprofen', '2 tablets daily', 7),
(33, 36, 'Pantoprazole', '2 tablets daily', 5),
(34, 39, 'Azithromycin', 'Before sleep', 5),
(35, 39, 'Amoxicillin', 'After meals', 3),
(36, 40, 'Cetirizine', '2 tablets daily', 10),
(37, 43, 'Vitamin D', 'Before sleep', 14),
(38, 43, 'Cetirizine', 'Before sleep', 5),
(39, 54, 'Amoxicillin', 'After meals', 5),
(40, 55, 'Paracetamol', '2 tablets daily', 10),
(41, 56, 'Ibuprofen', 'After meals', 10),
(42, 56, 'Metformin', '2 tablets daily', 5),
(43, 59, 'Amoxicillin', 'After meals', 5),
(44, 64, 'Paracetamol', 'Before sleep', 10),
(45, 64, 'Metformin', '1 tablet daily', 5),
(46, 69, 'Vitamin D', 'Before sleep', 14),
(47, 69, 'Azithromycin', '1 tablet daily', 3),
(48, 73, 'Paracetamol', '2 tablets daily', 3),
(49, 73, 'Amoxicillin', '2 tablets daily', 7),
(50, 76, 'Ibuprofen', 'Before sleep', 7),
(51, 76, 'Paracetamol', 'Before sleep', 3),
(52, 78, 'Vitamin D', 'Before sleep', 3),
(53, 78, 'Pantoprazole', 'After meals', 5),
(54, 81, 'Metformin', 'After meals', 7),
(55, 81, 'Ibuprofen', '1 tablet daily', 3),
(56, 81, 'Paracetamol', '1 tablet daily', 3),
(57, 86, 'Amoxicillin', 'Before sleep', 7),
(58, 87, 'Pantoprazole', '1 tablet daily', 7),
(59, 89, 'Metformin', 'After meals', 5),
(60, 89, 'Cetirizine', 'Before sleep', 3),
(61, 89, 'Ibuprofen', 'Before sleep', 7),
(62, 91, 'Azithromycin', '1 tablet daily', 5),
(63, 92, 'Paracetamol', '1 tablet daily', 5),
(64, 92, 'Pantoprazole', 'Before sleep', 3),
(65, 95, 'Amoxicillin', '1 tablet daily', 5),
(66, 96, 'Paracetamol', 'After meals', 14),
(67, 96, 'Ibuprofen', 'After meals', 5),
(68, 96, 'Azithromycin', 'After meals', 5),
(69, 97, 'Metformin', '1 tablet daily', 14),
(70, 98, 'Cetirizine', '1 tablet daily', 7),
(71, 99, 'Amoxicillin', '2 tablets daily', 3),
(72, 99, 'Paracetamol', 'After meals', 14),
(73, 101, 'Ibuprofen', 'After meals', 7),
(74, 101, 'Cetirizine', '2 tablets daily', 5),
(75, 101, 'Paracetamol', 'Before sleep', 3),
(76, 102, 'Ibuprofen', '1 tablet daily', 3),
(77, 104, 'Cetirizine', '2 tablets daily', 5),
(78, 104, 'Metformin', '2 tablets daily', 3),
(79, 106, 'Pantoprazole', 'Before sleep', 10),
(80, 110, 'Azithromycin', 'Before sleep', 3),
(81, 110, 'Paracetamol', '1 tablet daily', 10),
(82, 110, 'Ibuprofen', 'Before sleep', 7),
(83, 113, 'Vitamin D', 'Before sleep', 7),
(84, 113, 'Pantoprazole', 'Before sleep', 10),
(85, 113, 'Cetirizine', 'After meals', 10),
(86, 115, 'Ibuprofen', '1 tablet daily', 5),
(87, 116, 'Azithromycin', 'Before sleep', 14),
(88, 117, 'Pantoprazole', '1 tablet daily', 7),
(89, 119, 'Vitamin D', '2 tablets daily', 10),
(90, 122, 'Amoxicillin', 'Before sleep', 7),
(91, 123, 'Ibuprofen', '1 tablet daily', 5),
(92, 124, 'Vitamin D', 'After meals', 7),
(93, 124, 'Amoxicillin', 'Before sleep', 7),
(94, 127, 'Ibuprofen', '1 tablet daily', 14),
(95, 127, 'Vitamin D', 'Before sleep', 3),
(96, 128, 'Pantoprazole', '2 tablets daily', 14),
(97, 130, 'Metformin', '1 tablet daily', 7),
(98, 130, 'Amoxicillin', 'Before sleep', 7),
(99, 134, 'Paracetamol', 'After meals', 5),
(100, 136, 'Amoxicillin', '1 tablet daily', 3),
(101, 136, 'Vitamin D', 'After meals', 10),
(102, 138, 'Paracetamol', '1 tablet daily', 3),
(103, 138, 'Cetirizine', '2 tablets daily', 3),
(104, 138, 'Metformin', 'Before sleep', 10),
(105, 139, 'Ibuprofen', '1 tablet daily', 3),
(106, 139, 'Amoxicillin', 'After meals', 3),
(107, 141, 'Azithromycin', 'After meals', 7),
(108, 141, 'Paracetamol', 'Before sleep', 14),
(109, 145, 'Azithromycin', '1 tablet daily', 7),
(110, 145, 'Pantoprazole', 'Before sleep', 5),
(111, 145, 'Paracetamol', 'After meals', 3),
(112, 146, 'Pantoprazole', 'After meals', 7),
(113, 146, 'Paracetamol', '1 tablet daily', 5),
(114, 147, 'Pantoprazole', '2 tablets daily', 14),
(115, 147, 'Vitamin D', 'Before sleep', 10),
(116, 151, 'Amoxicillin', '2 tablets daily', 3),
(117, 151, 'Metformin', '2 tablets daily', 7),
(118, 151, 'Ibuprofen', 'After meals', 14),
(119, 152, 'Azithromycin', 'Before sleep', 7),
(120, 155, 'Pantoprazole', 'Before sleep', 10),
(121, 155, 'Amoxicillin', 'Before sleep', 5),
(122, 160, 'Ibuprofen', '2 tablets daily', 3),
(123, 161, 'Paracetamol', '2 tablets daily', 10),
(124, 161, 'Metformin', 'After meals', 7),
(125, 161, 'Cetirizine', 'Before sleep', 14),
(126, 162, 'Amoxicillin', 'After meals', 10),
(127, 162, 'Cetirizine', 'After meals', 14),
(128, 163, 'Ibuprofen', '1 tablet daily', 5),
(129, 163, 'Cetirizine', '2 tablets daily', 14),
(130, 163, 'Pantoprazole', 'After meals', 7),
(131, 164, 'Cetirizine', 'After meals', 14),
(132, 165, 'Paracetamol', '1 tablet daily', 14),
(133, 165, 'Cetirizine', 'Before sleep', 5),
(134, 165, 'Amoxicillin', 'After meals', 3),
(135, 172, 'Pantoprazole', '1 tablet daily', 7),
(136, 172, 'Metformin', 'After meals', 3),
(137, 174, 'Amoxicillin', '2 tablets daily', 7),
(138, 174, 'Metformin', '2 tablets daily', 5),
(139, 174, 'Pantoprazole', '1 tablet daily', 14),
(140, 177, 'Pantoprazole', '1 tablet daily', 7),
(141, 177, 'Azithromycin', '1 tablet daily', 10),
(142, 177, 'Metformin', '1 tablet daily', 10),
(143, 178, 'Cetirizine', '1 tablet daily', 5),
(144, 179, 'Amoxicillin', 'After meals', 5),
(145, 182, 'Amoxicillin', 'Before sleep', 5),
(146, 183, 'Ibuprofen', '1 tablet daily', 10),
(147, 184, 'Pantoprazole', 'Before sleep', 14),
(148, 188, 'Metformin', '2 tablets daily', 10),
(149, 188, 'Vitamin D', 'Before sleep', 10),
(150, 188, 'Pantoprazole', 'Before sleep', 5),
(151, 193, 'Amoxicillin', 'After meals', 5),
(152, 193, 'Pantoprazole', '2 tablets daily', 14),
(153, 193, 'Cetirizine', 'After meals', 5),
(154, 196, 'Metformin', '2 tablets daily', 7),
(155, 196, 'Ibuprofen', '2 tablets daily', 3),
(156, 206, 'Paracetamol', '2 tablets daily', 14),
(157, 207, 'Pantoprazole', 'After meals', 14),
(158, 207, 'Cetirizine', '1 tablet daily', 5),
(159, 207, 'Ibuprofen', 'Before sleep', 3),
(160, 210, 'Paracetamol', '1 tablet daily', 14),
(161, 210, 'Ibuprofen', 'Before sleep', 3),
(162, 210, 'Cetirizine', '2 tablets daily', 14),
(163, 211, 'Metformin', '2 tablets daily', 3),
(164, 211, 'Cetirizine', 'Before sleep', 14),
(165, 212, 'Azithromycin', 'After meals', 10),
(166, 215, 'Cetirizine', '2 tablets daily', 10),
(167, 215, 'Azithromycin', '2 tablets daily', 7),
(168, 218, 'Metformin', '1 tablet daily', 3),
(169, 218, 'Pantoprazole', '2 tablets daily', 14),
(170, 220, 'Azithromycin', '1 tablet daily', 14),
(171, 221, 'Metformin', 'Before sleep', 10),
(172, 224, 'Cetirizine', '2 tablets daily', 7),
(173, 224, 'Metformin', '1 tablet daily', 5),
(174, 226, 'Amoxicillin', '1 tablet daily', 14),
(175, 229, 'Vitamin D', 'After meals', 5),
(176, 229, 'Pantoprazole', '1 tablet daily', 10),
(177, 229, 'Ibuprofen', 'After meals', 10),
(178, 230, 'Amoxicillin', 'After meals', 5),
(179, 230, 'Metformin', '2 tablets daily', 7),
(180, 230, 'Paracetamol', '2 tablets daily', 3),
(181, 231, 'Ibuprofen', '1 tablet daily', 14),
(182, 231, 'Amoxicillin', 'Before sleep', 5),
(183, 231, 'Paracetamol', '1 tablet daily', 10),
(184, 242, 'Metformin', '2 tablets daily', 10),
(185, 244, 'Cetirizine', 'Before sleep', 7),
(186, 245, 'Vitamin D', '1 tablet daily', 14),
(187, 245, 'Metformin', 'After meals', 14),
(188, 245, 'Cetirizine', '2 tablets daily', 7),
(189, 246, 'Vitamin D', '1 tablet daily', 7),
(190, 246, 'Pantoprazole', '2 tablets daily', 14),
(191, 246, 'Amoxicillin', 'Before sleep', 10),
(192, 249, 'Vitamin D', '1 tablet daily', 5),
(193, 249, 'Pantoprazole', '2 tablets daily', 10),
(194, 249, 'Ibuprofen', '2 tablets daily', 3),
(195, 250, 'Azithromycin', 'Before sleep', 5),
(196, 252, 'Pantoprazole', 'Before sleep', 14),
(197, 252, 'Cetirizine', 'After meals', 7),
(198, 253, 'Paracetamol', 'After meals', 7),
(199, 253, 'Pantoprazole', 'Before sleep', 3),
(200, 253, 'Cetirizine', 'After meals', 5);

INSERT INTO prescriptions (prescription_id, appointment_id, medicine_name, dosage, days_count) VALUES
(201, 254, 'Pantoprazole', '2 tablets daily', 14),
(202, 254, 'Paracetamol', '1 tablet daily', 10),
(203, 254, 'Vitamin D', 'After meals', 3),
(204, 256, 'Pantoprazole', '1 tablet daily', 5),
(205, 256, 'Vitamin D', 'After meals', 10),
(206, 258, 'Azithromycin', 'Before sleep', 7),
(207, 258, 'Pantoprazole', '1 tablet daily', 3),
(208, 259, 'Ibuprofen', '2 tablets daily', 5),
(209, 259, 'Metformin', '1 tablet daily', 14),
(210, 260, 'Amoxicillin', '2 tablets daily', 7),
(211, 260, 'Ibuprofen', '2 tablets daily', 14),
(212, 261, 'Amoxicillin', '2 tablets daily', 3),
(213, 261, 'Paracetamol', 'After meals', 5),
(214, 262, 'Vitamin D', 'Before sleep', 5),
(215, 263, 'Metformin', '2 tablets daily', 3),
(216, 263, 'Azithromycin', 'After meals', 14),
(217, 263, 'Vitamin D', 'Before sleep', 3),
(218, 264, 'Ibuprofen', '1 tablet daily', 5),
(219, 264, 'Metformin', 'Before sleep', 14),
(220, 266, 'Ibuprofen', 'After meals', 7),
(221, 266, 'Azithromycin', 'After meals', 5),
(222, 266, 'Vitamin D', '1 tablet daily', 5),
(223, 268, 'Azithromycin', '1 tablet daily', 7),
(224, 269, 'Azithromycin', '2 tablets daily', 5),
(225, 269, 'Ibuprofen', '2 tablets daily', 5),
(226, 269, 'Vitamin D', 'After meals', 14),
(227, 271, 'Amoxicillin', '1 tablet daily', 3),
(228, 271, 'Cetirizine', 'Before sleep', 14),
(229, 271, 'Azithromycin', 'After meals', 10),
(230, 273, 'Pantoprazole', 'After meals', 10),
(231, 275, 'Amoxicillin', 'After meals', 3),
(232, 277, 'Cetirizine', '1 tablet daily', 10),
(233, 278, 'Paracetamol', 'Before sleep', 7),
(234, 283, 'Vitamin D', 'After meals', 14),
(235, 283, 'Pantoprazole', 'Before sleep', 14),
(236, 283, 'Ibuprofen', '2 tablets daily', 3),
(237, 284, 'Ibuprofen', '2 tablets daily', 3),
(238, 284, 'Vitamin D', 'Before sleep', 5),
(239, 285, 'Ibuprofen', '1 tablet daily', 14),
(240, 290, 'Azithromycin', 'Before sleep', 10),
(241, 290, 'Cetirizine', 'Before sleep', 14),
(242, 292, 'Cetirizine', '2 tablets daily', 7),
(243, 300, 'Amoxicillin', 'Before sleep', 3),
(244, 304, 'Metformin', '2 tablets daily', 14),
(245, 306, 'Azithromycin', 'After meals', 3),
(246, 306, 'Cetirizine', '2 tablets daily', 14),
(247, 307, 'Paracetamol', 'After meals', 3),
(248, 310, 'Azithromycin', '2 tablets daily', 3),
(249, 310, 'Paracetamol', '2 tablets daily', 7),
(250, 310, 'Pantoprazole', '2 tablets daily', 5),
(251, 311, 'Paracetamol', '2 tablets daily', 7),
(252, 311, 'Ibuprofen', '2 tablets daily', 10),
(253, 312, 'Azithromycin', '1 tablet daily', 14),
(254, 312, 'Cetirizine', '2 tablets daily', 3),
(255, 312, 'Pantoprazole', 'Before sleep', 3),
(256, 313, 'Cetirizine', 'Before sleep', 5),
(257, 313, 'Metformin', 'After meals', 14),
(258, 314, 'Paracetamol', '1 tablet daily', 10),
(259, 315, 'Ibuprofen', 'Before sleep', 5),
(260, 315, 'Paracetamol', 'After meals', 5),
(261, 315, 'Cetirizine', '1 tablet daily', 3),
(262, 318, 'Ibuprofen', '2 tablets daily', 10),
(263, 320, 'Vitamin D', 'After meals', 5),
(264, 320, 'Ibuprofen', '1 tablet daily', 10),
(265, 320, 'Azithromycin', '1 tablet daily', 14),
(266, 322, 'Paracetamol', '1 tablet daily', 10),
(267, 323, 'Metformin', '2 tablets daily', 3),
(268, 323, 'Paracetamol', 'Before sleep', 10),
(269, 323, 'Amoxicillin', '2 tablets daily', 14),
(270, 324, 'Ibuprofen', '1 tablet daily', 5),
(271, 324, 'Pantoprazole', '1 tablet daily', 3),
(272, 324, 'Vitamin D', '1 tablet daily', 5),
(273, 328, 'Azithromycin', '1 tablet daily', 10),
(274, 328, 'Pantoprazole', '2 tablets daily', 7),
(275, 328, 'Metformin', '2 tablets daily', 10),
(276, 329, 'Paracetamol', '2 tablets daily', 3),
(277, 329, 'Vitamin D', '1 tablet daily', 7),
(278, 330, 'Amoxicillin', '2 tablets daily', 14),
(279, 330, 'Vitamin D', 'Before sleep', 10),
(280, 330, 'Cetirizine', 'After meals', 3),
(281, 331, 'Vitamin D', '2 tablets daily', 3),
(282, 332, 'Vitamin D', '1 tablet daily', 10),
(283, 332, 'Metformin', '2 tablets daily', 5),
(284, 332, 'Azithromycin', 'After meals', 5),
(285, 335, 'Ibuprofen', 'After meals', 10),
(286, 336, 'Amoxicillin', 'After meals', 10),
(287, 336, 'Paracetamol', '1 tablet daily', 7),
(288, 337, 'Amoxicillin', 'Before sleep', 5),
(289, 337, 'Cetirizine', '2 tablets daily', 7),
(290, 337, 'Azithromycin', '2 tablets daily', 7),
(291, 344, 'Ibuprofen', 'Before sleep', 10),
(292, 344, 'Paracetamol', '2 tablets daily', 5),
(293, 344, 'Pantoprazole', '2 tablets daily', 3),
(294, 346, 'Azithromycin', 'After meals', 7),
(295, 346, 'Cetirizine', '2 tablets daily', 5),
(296, 346, 'Ibuprofen', 'Before sleep', 5),
(297, 350, 'Azithromycin', 'Before sleep', 14),
(298, 350, 'Ibuprofen', 'Before sleep', 5),
(299, 350, 'Metformin', 'Before sleep', 10),
(300, 351, 'Azithromycin', '1 tablet daily', 14),
(301, 351, 'Amoxicillin', '1 tablet daily', 5),
(302, 354, 'Cetirizine', 'Before sleep', 14),
(303, 357, 'Azithromycin', 'Before sleep', 14),
(304, 357, 'Amoxicillin', 'Before sleep', 14),
(305, 357, 'Pantoprazole', 'After meals', 10),
(306, 359, 'Metformin', '1 tablet daily', 14),
(307, 359, 'Cetirizine', '1 tablet daily', 14),
(308, 359, 'Azithromycin', 'Before sleep', 14),
(309, 364, 'Pantoprazole', '1 tablet daily', 10),
(310, 364, 'Amoxicillin', 'After meals', 3),
(311, 364, 'Paracetamol', '1 tablet daily', 3),
(312, 365, 'Amoxicillin', 'After meals', 14),
(313, 365, 'Metformin', '1 tablet daily', 7),
(314, 369, 'Azithromycin', '2 tablets daily', 5),
(315, 369, 'Cetirizine', '1 tablet daily', 10),
(316, 369, 'Vitamin D', '1 tablet daily', 14),
(317, 370, 'Pantoprazole', 'Before sleep', 5),
(318, 370, 'Amoxicillin', '2 tablets daily', 7),
(319, 370, 'Cetirizine', 'After meals', 5),
(320, 373, 'Cetirizine', '2 tablets daily', 10),
(321, 377, 'Vitamin D', 'After meals', 7),
(322, 377, 'Ibuprofen', 'After meals', 5),
(323, 377, 'Cetirizine', 'Before sleep', 10),
(324, 383, 'Azithromycin', '2 tablets daily', 5),
(325, 383, 'Ibuprofen', 'After meals', 7),
(326, 387, 'Amoxicillin', 'After meals', 5),
(327, 393, 'Metformin', 'After meals', 3),
(328, 395, 'Ibuprofen', '2 tablets daily', 10),
(329, 395, 'Vitamin D', 'Before sleep', 3),
(330, 395, 'Pantoprazole', '1 tablet daily', 5),
(331, 397, 'Vitamin D', '1 tablet daily', 5),
(332, 397, 'Paracetamol', 'After meals', 10),
(333, 399, 'Vitamin D', 'Before sleep', 7),
(334, 401, 'Paracetamol', '1 tablet daily', 3),
(335, 401, 'Amoxicillin', '1 tablet daily', 7),
(336, 401, 'Pantoprazole', 'Before sleep', 14),
(337, 402, 'Amoxicillin', '1 tablet daily', 14),
(338, 407, 'Ibuprofen', 'Before sleep', 14),
(339, 408, 'Azithromycin', '2 tablets daily', 7),
(340, 410, 'Vitamin D', 'After meals', 5),
(341, 412, 'Metformin', 'After meals', 5),
(342, 412, 'Vitamin D', '1 tablet daily', 5),
(343, 412, 'Pantoprazole', 'After meals', 5),
(344, 416, 'Ibuprofen', '2 tablets daily', 5),
(345, 419, 'Vitamin D', 'Before sleep', 14),
(346, 422, 'Azithromycin', '2 tablets daily', 14),
(347, 425, 'Metformin', 'Before sleep', 7),
(348, 425, 'Paracetamol', 'After meals', 14),
(349, 425, 'Cetirizine', '1 tablet daily', 14),
(350, 432, 'Ibuprofen', 'Before sleep', 3),
(351, 434, 'Amoxicillin', 'After meals', 7),
(352, 434, 'Pantoprazole', '2 tablets daily', 10),
(353, 434, 'Azithromycin', '2 tablets daily', 14),
(354, 435, 'Paracetamol', '1 tablet daily', 14),
(355, 436, 'Metformin', 'After meals', 5),
(356, 436, 'Amoxicillin', 'Before sleep', 14),
(357, 436, 'Vitamin D', 'After meals', 10),
(358, 437, 'Metformin', 'After meals', 14),
(359, 437, 'Azithromycin', 'Before sleep', 10),
(360, 437, 'Cetirizine', 'After meals', 14),
(361, 438, 'Ibuprofen', 'Before sleep', 10),
(362, 438, 'Pantoprazole', 'After meals', 7),
(363, 438, 'Azithromycin', 'Before sleep', 3),
(364, 442, 'Pantoprazole', '1 tablet daily', 10),
(365, 442, 'Metformin', 'Before sleep', 3),
(366, 443, 'Cetirizine', 'Before sleep', 14),
(367, 443, 'Amoxicillin', 'After meals', 3),
(368, 443, 'Azithromycin', 'Before sleep', 10),
(369, 444, 'Azithromycin', '1 tablet daily', 14),
(370, 444, 'Paracetamol', 'Before sleep', 3),
(371, 450, 'Azithromycin', '2 tablets daily', 10),
(372, 450, 'Ibuprofen', '1 tablet daily', 14),
(373, 450, 'Amoxicillin', '1 tablet daily', 14),
(374, 454, 'Ibuprofen', 'After meals', 14),
(375, 455, 'Amoxicillin', '2 tablets daily', 5),
(376, 455, 'Metformin', '1 tablet daily', 10),
(377, 455, 'Cetirizine', 'After meals', 7),
(378, 459, 'Cetirizine', 'Before sleep', 14),
(379, 460, 'Vitamin D', 'Before sleep', 7),
(380, 466, 'Metformin', 'Before sleep', 14),
(381, 466, 'Vitamin D', 'After meals', 5),
(382, 466, 'Azithromycin', '2 tablets daily', 10),
(383, 467, 'Azithromycin', 'After meals', 3),
(384, 467, 'Vitamin D', 'After meals', 7),
(385, 469, 'Azithromycin', '2 tablets daily', 7),
(386, 469, 'Paracetamol', 'After meals', 10),
(387, 472, 'Paracetamol', 'Before sleep', 7),
(388, 472, 'Pantoprazole', '1 tablet daily', 5),
(389, 473, 'Pantoprazole', '1 tablet daily', 3),
(390, 473, 'Amoxicillin', '2 tablets daily', 10),
(391, 475, 'Ibuprofen', 'Before sleep', 3),
(392, 475, 'Azithromycin', '1 tablet daily', 7),
(393, 475, 'Pantoprazole', 'Before sleep', 7),
(394, 478, 'Cetirizine', 'Before sleep', 5),
(395, 479, 'Metformin', '2 tablets daily', 7),
(396, 480, 'Amoxicillin', '1 tablet daily', 3),
(397, 480, 'Metformin', 'After meals', 5),
(398, 481, 'Ibuprofen', 'After meals', 10),
(399, 481, 'Cetirizine', 'Before sleep', 5),
(400, 482, 'Metformin', 'After meals', 3);

INSERT INTO prescriptions (prescription_id, appointment_id, medicine_name, dosage, days_count) VALUES
(401, 482, 'Cetirizine', 'After meals', 5),
(402, 482, 'Amoxicillin', 'After meals', 5),
(403, 483, 'Cetirizine', 'After meals', 3),
(404, 483, 'Ibuprofen', '2 tablets daily', 10),
(405, 483, 'Paracetamol', '2 tablets daily', 5),
(406, 489, 'Metformin', '2 tablets daily', 10),
(407, 489, 'Azithromycin', 'After meals', 10),
(408, 489, 'Paracetamol', 'Before sleep', 5),
(409, 490, 'Amoxicillin', '2 tablets daily', 10),
(410, 490, 'Metformin', '2 tablets daily', 10),
(411, 490, 'Vitamin D', 'Before sleep', 14),
(412, 491, 'Cetirizine', 'Before sleep', 14),
(413, 492, 'Pantoprazole', '2 tablets daily', 7),
(414, 492, 'Amoxicillin', 'Before sleep', 10),
(415, 493, 'Paracetamol', 'Before sleep', 5),
(416, 493, 'Azithromycin', 'Before sleep', 14),
(417, 493, 'Ibuprofen', 'Before sleep', 14),
(418, 495, 'Vitamin D', '1 tablet daily', 10),
(419, 495, 'Cetirizine', 'After meals', 14),
(420, 495, 'Ibuprofen', 'After meals', 5),
(421, 497, 'Pantoprazole', 'Before sleep', 5),
(422, 497, 'Metformin', '1 tablet daily', 5),
(423, 497, 'Amoxicillin', '1 tablet daily', 10),
(424, 498, 'Metformin', 'Before sleep', 5),
(425, 498, 'Azithromycin', 'Before sleep', 14),
(426, 499, 'Paracetamol', 'After meals', 14),
(427, 500, 'Amoxicillin', '1 tablet daily', 10),
(428, 500, 'Azithromycin', '2 tablets daily', 10),
(429, 500, 'Metformin', '1 tablet daily', 3),
(430, 502, 'Metformin', '1 tablet daily', 14),
(431, 503, 'Cetirizine', 'After meals', 7),
(432, 503, 'Ibuprofen', '1 tablet daily', 3),
(433, 503, 'Pantoprazole', '1 tablet daily', 5),
(434, 505, 'Cetirizine', '1 tablet daily', 10),
(435, 506, 'Amoxicillin', 'After meals', 3),
(436, 509, 'Vitamin D', 'Before sleep', 14),
(437, 510, 'Paracetamol', 'After meals', 10),
(438, 510, 'Amoxicillin', 'After meals', 5),
(439, 511, 'Vitamin D', 'Before sleep', 14),
(440, 513, 'Azithromycin', '2 tablets daily', 7),
(441, 513, 'Pantoprazole', '2 tablets daily', 10),
(442, 513, 'Ibuprofen', '2 tablets daily', 7),
(443, 514, 'Metformin', '2 tablets daily', 3),
(444, 514, 'Amoxicillin', '2 tablets daily', 5),
(445, 515, 'Cetirizine', 'After meals', 14),
(446, 515, 'Metformin', 'Before sleep', 10),
(447, 516, 'Ibuprofen', 'Before sleep', 5),
(448, 516, 'Azithromycin', '2 tablets daily', 3),
(449, 516, 'Pantoprazole', 'After meals', 7),
(450, 517, 'Metformin', 'After meals', 14),
(451, 522, 'Cetirizine', '2 tablets daily', 14),
(452, 523, 'Vitamin D', 'After meals', 10),
(453, 528, 'Paracetamol', 'Before sleep', 5),
(454, 535, 'Cetirizine', 'After meals', 5),
(455, 536, 'Cetirizine', '1 tablet daily', 10),
(456, 536, 'Metformin', '1 tablet daily', 7),
(457, 536, 'Vitamin D', '1 tablet daily', 10),
(458, 537, 'Vitamin D', 'Before sleep', 5),
(459, 542, 'Azithromycin', '1 tablet daily', 3),
(460, 547, 'Paracetamol', 'Before sleep', 5),
(461, 547, 'Cetirizine', 'Before sleep', 7),
(462, 547, 'Amoxicillin', 'After meals', 10),
(463, 549, 'Paracetamol', '2 tablets daily', 3),
(464, 549, 'Amoxicillin', '1 tablet daily', 7),
(465, 550, 'Vitamin D', 'After meals', 5),
(466, 550, 'Amoxicillin', '2 tablets daily', 3),
(467, 550, 'Cetirizine', 'After meals', 14),
(468, 551, 'Pantoprazole', '1 tablet daily', 7),
(469, 552, 'Paracetamol', 'After meals', 3),
(470, 555, 'Cetirizine', '1 tablet daily', 10),
(471, 555, 'Pantoprazole', 'After meals', 5),
(472, 556, 'Metformin', 'Before sleep', 5),
(473, 556, 'Pantoprazole', 'After meals', 7),
(474, 556, 'Paracetamol', 'After meals', 7),
(475, 560, 'Ibuprofen', '2 tablets daily', 3),
(476, 560, 'Paracetamol', 'After meals', 3),
(477, 560, 'Amoxicillin', '2 tablets daily', 5),
(478, 561, 'Azithromycin', '1 tablet daily', 5),
(479, 561, 'Paracetamol', 'After meals', 3),
(480, 563, 'Azithromycin', '2 tablets daily', 3),
(481, 563, 'Paracetamol', '1 tablet daily', 10),
(482, 564, 'Ibuprofen', 'After meals', 3),
(483, 565, 'Pantoprazole', 'Before sleep', 3),
(484, 565, 'Amoxicillin', '2 tablets daily', 14),
(485, 567, 'Ibuprofen', 'After meals', 5),
(486, 567, 'Paracetamol', 'Before sleep', 5),
(487, 567, 'Amoxicillin', 'Before sleep', 5),
(488, 568, 'Pantoprazole', 'Before sleep', 7),
(489, 568, 'Paracetamol', '2 tablets daily', 3),
(490, 568, 'Azithromycin', '1 tablet daily', 14),
(491, 569, 'Pantoprazole', 'Before sleep', 3),
(492, 569, 'Amoxicillin', 'After meals', 5),
(493, 569, 'Azithromycin', 'Before sleep', 5),
(494, 573, 'Azithromycin', '2 tablets daily', 7),
(495, 575, 'Cetirizine', 'Before sleep', 3),
(496, 575, 'Ibuprofen', 'Before sleep', 10),
(497, 575, 'Pantoprazole', '1 tablet daily', 14),
(498, 578, 'Cetirizine', 'Before sleep', 10),
(499, 578, 'Ibuprofen', '2 tablets daily', 5),
(500, 580, 'Metformin', 'After meals', 5),
(501, 580, 'Paracetamol', '2 tablets daily', 7),
(502, 581, 'Metformin', 'After meals', 3),
(503, 581, 'Vitamin D', 'After meals', 7),
(504, 582, 'Vitamin D', '2 tablets daily', 14),
(505, 582, 'Ibuprofen', '1 tablet daily', 5),
(506, 583, 'Azithromycin', 'Before sleep', 5),
(507, 583, 'Cetirizine', 'After meals', 10),
(508, 588, 'Metformin', 'After meals', 3),
(509, 588, 'Ibuprofen', '2 tablets daily', 14),
(510, 589, 'Metformin', '2 tablets daily', 10),
(511, 589, 'Paracetamol', 'Before sleep', 5),
(512, 590, 'Amoxicillin', 'After meals', 7),
(513, 590, 'Pantoprazole', '2 tablets daily', 7),
(514, 593, 'Pantoprazole', 'Before sleep', 14),
(515, 593, 'Azithromycin', 'After meals', 10),
(516, 593, 'Ibuprofen', 'After meals', 10),
(517, 594, 'Azithromycin', '2 tablets daily', 14),
(518, 594, 'Metformin', '1 tablet daily', 5),
(519, 594, 'Paracetamol', 'Before sleep', 3),
(520, 596, 'Vitamin D', '1 tablet daily', 7),
(521, 596, 'Metformin', 'After meals', 7),
(522, 596, 'Ibuprofen', '1 tablet daily', 5),
(523, 597, 'Cetirizine', 'After meals', 7),
(524, 598, 'Paracetamol', '1 tablet daily', 5),
(525, 601, 'Vitamin D', '1 tablet daily', 3),
(526, 601, 'Amoxicillin', 'Before sleep', 7),
(527, 601, 'Ibuprofen', '1 tablet daily', 10),
(528, 602, 'Vitamin D', 'After meals', 14),
(529, 602, 'Azithromycin', 'After meals', 10),
(530, 603, 'Pantoprazole', 'After meals', 3),
(531, 603, 'Ibuprofen', 'After meals', 5),
(532, 604, 'Cetirizine', 'Before sleep', 3),
(533, 604, 'Metformin', 'After meals', 10),
(534, 604, 'Amoxicillin', 'After meals', 5),
(535, 605, 'Amoxicillin', '1 tablet daily', 5),
(536, 605, 'Cetirizine', '2 tablets daily', 3),
(537, 605, 'Vitamin D', 'After meals', 3),
(538, 607, 'Vitamin D', '2 tablets daily', 14),
(539, 607, 'Paracetamol', 'Before sleep', 14),
(540, 609, 'Vitamin D', 'After meals', 14),
(541, 612, 'Ibuprofen', '2 tablets daily', 3),
(542, 614, 'Metformin', '2 tablets daily', 14),
(543, 615, 'Amoxicillin', '1 tablet daily', 10),
(544, 615, 'Vitamin D', '2 tablets daily', 5),
(545, 615, 'Ibuprofen', 'Before sleep', 7),
(546, 618, 'Metformin', '1 tablet daily', 7),
(547, 619, 'Azithromycin', 'Before sleep', 10),
(548, 627, 'Pantoprazole', '2 tablets daily', 10),
(549, 627, 'Amoxicillin', '2 tablets daily', 14),
(550, 627, 'Metformin', 'After meals', 10),
(551, 629, 'Ibuprofen', '1 tablet daily', 3),
(552, 629, 'Paracetamol', '2 tablets daily', 14),
(553, 629, 'Azithromycin', 'Before sleep', 14),
(554, 631, 'Vitamin D', '2 tablets daily', 7),
(555, 634, 'Cetirizine', 'After meals', 3),
(556, 634, 'Vitamin D', '1 tablet daily', 14),
(557, 634, 'Pantoprazole', '1 tablet daily', 7),
(558, 642, 'Vitamin D', 'After meals', 7),
(559, 644, 'Azithromycin', 'Before sleep', 14),
(560, 644, 'Ibuprofen', 'Before sleep', 7),
(561, 648, 'Cetirizine', '1 tablet daily', 14),
(562, 649, 'Metformin', 'Before sleep', 7),
(563, 651, 'Metformin', 'Before sleep', 10),
(564, 651, 'Vitamin D', '1 tablet daily', 5),
(565, 651, 'Ibuprofen', 'After meals', 3),
(566, 654, 'Azithromycin', '2 tablets daily', 5),
(567, 655, 'Cetirizine', 'After meals', 5),
(568, 656, 'Metformin', 'Before sleep', 3),
(569, 660, 'Vitamin D', 'Before sleep', 3),
(570, 664, 'Pantoprazole', 'After meals', 7),
(571, 664, 'Vitamin D', 'After meals', 5),
(572, 668, 'Pantoprazole', 'After meals', 10),
(573, 670, 'Cetirizine', '2 tablets daily', 14),
(574, 670, 'Vitamin D', '2 tablets daily', 14),
(575, 670, 'Metformin', 'After meals', 5),
(576, 677, 'Vitamin D', '1 tablet daily', 10),
(577, 677, 'Metformin', '1 tablet daily', 7),
(578, 679, 'Cetirizine', '1 tablet daily', 7),
(579, 679, 'Azithromycin', 'After meals', 5),
(580, 679, 'Pantoprazole', '2 tablets daily', 10),
(581, 680, 'Cetirizine', 'After meals', 3),
(582, 680, 'Metformin', '2 tablets daily', 5),
(583, 682, 'Ibuprofen', 'After meals', 14),
(584, 683, 'Vitamin D', '1 tablet daily', 10),
(585, 688, 'Cetirizine', '2 tablets daily', 5),
(586, 688, 'Amoxicillin', '2 tablets daily', 7),
(587, 688, 'Metformin', 'Before sleep', 10),
(588, 689, 'Pantoprazole', '2 tablets daily', 3),
(589, 689, 'Cetirizine', '1 tablet daily', 7),
(590, 691, 'Azithromycin', '2 tablets daily', 3),
(591, 691, 'Cetirizine', '2 tablets daily', 10),
(592, 693, 'Pantoprazole', 'After meals', 3),
(593, 693, 'Azithromycin', '1 tablet daily', 3),
(594, 693, 'Cetirizine', 'Before sleep', 3),
(595, 696, 'Vitamin D', 'Before sleep', 14),
(596, 696, 'Paracetamol', 'After meals', 3),
(597, 696, 'Ibuprofen', '1 tablet daily', 14),
(598, 698, 'Cetirizine', 'After meals', 5),
(599, 699, 'Cetirizine', 'After meals', 5),
(600, 700, 'Azithromycin', 'After meals', 7);

INSERT INTO prescriptions (prescription_id, appointment_id, medicine_name, dosage, days_count) VALUES
(601, 701, 'Ibuprofen', '1 tablet daily', 14),
(602, 705, 'Pantoprazole', '2 tablets daily', 10),
(603, 705, 'Ibuprofen', 'After meals', 14),
(604, 705, 'Vitamin D', '2 tablets daily', 10),
(605, 706, 'Cetirizine', 'After meals', 3),
(606, 706, 'Vitamin D', '1 tablet daily', 10),
(607, 708, 'Pantoprazole', 'Before sleep', 10),
(608, 708, 'Vitamin D', 'Before sleep', 5),
(609, 708, 'Metformin', '2 tablets daily', 3),
(610, 709, 'Ibuprofen', '2 tablets daily', 3),
(611, 709, 'Vitamin D', '2 tablets daily', 5),
(612, 710, 'Pantoprazole', '1 tablet daily', 5),
(613, 713, 'Metformin', '2 tablets daily', 10),
(614, 713, 'Pantoprazole', '1 tablet daily', 7),
(615, 713, 'Paracetamol', 'Before sleep', 7),
(616, 714, 'Pantoprazole', '2 tablets daily', 7),
(617, 714, 'Paracetamol', 'Before sleep', 14),
(618, 714, 'Ibuprofen', 'Before sleep', 5),
(619, 716, 'Azithromycin', '2 tablets daily', 5),
(620, 716, 'Pantoprazole', '1 tablet daily', 7),
(621, 721, 'Pantoprazole', 'Before sleep', 5),
(622, 722, 'Paracetamol', '1 tablet daily', 10),
(623, 726, 'Metformin', '2 tablets daily', 14),
(624, 727, 'Azithromycin', 'Before sleep', 10),
(625, 727, 'Paracetamol', '1 tablet daily', 10),
(626, 728, 'Ibuprofen', 'Before sleep', 3),
(627, 729, 'Azithromycin', '2 tablets daily', 10),
(628, 729, 'Ibuprofen', '2 tablets daily', 3),
(629, 729, 'Paracetamol', 'Before sleep', 10),
(630, 730, 'Ibuprofen', 'Before sleep', 14),
(631, 730, 'Cetirizine', 'After meals', 14),
(632, 731, 'Amoxicillin', '1 tablet daily', 5),
(633, 731, 'Vitamin D', 'After meals', 7),
(634, 731, 'Metformin', '2 tablets daily', 3),
(635, 733, 'Ibuprofen', 'After meals', 3),
(636, 733, 'Pantoprazole', 'After meals', 14),
(637, 734, 'Azithromycin', '2 tablets daily', 14),
(638, 736, 'Cetirizine', 'Before sleep', 14),
(639, 736, 'Vitamin D', '1 tablet daily', 14),
(640, 736, 'Paracetamol', 'Before sleep', 10),
(641, 739, 'Cetirizine', 'After meals', 3),
(642, 743, 'Paracetamol', 'After meals', 5),
(643, 743, 'Amoxicillin', 'After meals', 5),
(644, 746, 'Cetirizine', 'Before sleep', 3),
(645, 746, 'Azithromycin', 'After meals', 7),
(646, 747, 'Cetirizine', 'After meals', 3),
(647, 756, 'Amoxicillin', 'After meals', 3),
(648, 756, 'Cetirizine', 'After meals', 5),
(649, 757, 'Pantoprazole', 'After meals', 14),
(650, 760, 'Pantoprazole', '2 tablets daily', 14),
(651, 760, 'Amoxicillin', '1 tablet daily', 3),
(652, 760, 'Ibuprofen', '1 tablet daily', 5),
(653, 761, 'Pantoprazole', 'Before sleep', 3),
(654, 762, 'Cetirizine', 'Before sleep', 14),
(655, 762, 'Vitamin D', 'After meals', 3),
(656, 762, 'Pantoprazole', 'Before sleep', 14),
(657, 763, 'Pantoprazole', 'Before sleep', 3),
(658, 763, 'Cetirizine', '2 tablets daily', 5),
(659, 763, 'Azithromycin', '1 tablet daily', 10),
(660, 766, 'Azithromycin', '2 tablets daily', 7),
(661, 772, 'Paracetamol', '2 tablets daily', 3),
(662, 772, 'Amoxicillin', 'Before sleep', 10),
(663, 773, 'Vitamin D', 'Before sleep', 7),
(664, 773, 'Pantoprazole', '1 tablet daily', 10),
(665, 774, 'Vitamin D', 'After meals', 5),
(666, 774, 'Paracetamol', 'Before sleep', 7),
(667, 777, 'Azithromycin', 'After meals', 14),
(668, 777, 'Pantoprazole', 'After meals', 10),
(669, 777, 'Paracetamol', 'Before sleep', 10),
(670, 780, 'Amoxicillin', 'After meals', 7),
(671, 782, 'Paracetamol', 'Before sleep', 7),
(672, 782, 'Metformin', 'Before sleep', 14),
(673, 782, 'Cetirizine', '1 tablet daily', 5),
(674, 783, 'Ibuprofen', 'After meals', 5),
(675, 783, 'Metformin', 'After meals', 14),
(676, 783, 'Paracetamol', 'After meals', 5),
(677, 787, 'Vitamin D', 'Before sleep', 3),
(678, 787, 'Metformin', 'After meals', 5),
(679, 787, 'Paracetamol', 'After meals', 3),
(680, 788, 'Vitamin D', 'After meals', 7),
(681, 788, 'Amoxicillin', '2 tablets daily', 14),
(682, 789, 'Paracetamol', '2 tablets daily', 14),
(683, 789, 'Metformin', '2 tablets daily', 7),
(684, 792, 'Ibuprofen', 'Before sleep', 7),
(685, 792, 'Amoxicillin', '1 tablet daily', 10),
(686, 793, 'Metformin', 'Before sleep', 7),
(687, 793, 'Pantoprazole', '1 tablet daily', 10),
(688, 794, 'Vitamin D', 'After meals', 5),
(689, 794, 'Ibuprofen', '2 tablets daily', 3),
(690, 796, 'Paracetamol', 'Before sleep', 3),
(691, 796, 'Amoxicillin', '2 tablets daily', 10),
(692, 797, 'Amoxicillin', 'Before sleep', 10),
(693, 800, 'Vitamin D', '1 tablet daily', 7),
(694, 800, 'Cetirizine', 'Before sleep', 3),
(695, 802, 'Ibuprofen', '2 tablets daily', 7),
(696, 802, 'Paracetamol', '1 tablet daily', 5),
(697, 802, 'Azithromycin', '2 tablets daily', 10),
(698, 803, 'Cetirizine', 'Before sleep', 7),
(699, 803, 'Ibuprofen', 'After meals', 7),
(700, 803, 'Metformin', '2 tablets daily', 7),
(701, 804, 'Pantoprazole', 'After meals', 5),
(702, 804, 'Azithromycin', '1 tablet daily', 14),
(703, 804, 'Ibuprofen', '2 tablets daily', 14),
(704, 809, 'Amoxicillin', 'Before sleep', 5),
(705, 809, 'Paracetamol', 'Before sleep', 5),
(706, 809, 'Cetirizine', 'Before sleep', 7),
(707, 819, 'Azithromycin', 'After meals', 3),
(708, 822, 'Ibuprofen', 'After meals', 5),
(709, 822, 'Vitamin D', '2 tablets daily', 5),
(710, 823, 'Paracetamol', 'After meals', 10),
(711, 823, 'Vitamin D', '1 tablet daily', 10),
(712, 826, 'Amoxicillin', 'After meals', 14),
(713, 827, 'Amoxicillin', 'Before sleep', 14),
(714, 832, 'Vitamin D', '2 tablets daily', 5),
(715, 832, 'Amoxicillin', 'Before sleep', 10),
(716, 833, 'Pantoprazole', '1 tablet daily', 3),
(717, 833, 'Azithromycin', 'After meals', 14),
(718, 837, 'Pantoprazole', 'Before sleep', 10),
(719, 840, 'Metformin', 'After meals', 10),
(720, 840, 'Cetirizine', 'After meals', 7),
(721, 840, 'Paracetamol', '2 tablets daily', 7),
(722, 843, 'Azithromycin', '2 tablets daily', 14),
(723, 843, 'Cetirizine', '1 tablet daily', 10),
(724, 843, 'Ibuprofen', 'Before sleep', 7),
(725, 844, 'Azithromycin', '2 tablets daily', 14),
(726, 846, 'Paracetamol', '1 tablet daily', 5),
(727, 846, 'Amoxicillin', 'After meals', 5),
(728, 846, 'Cetirizine', '1 tablet daily', 7),
(729, 849, 'Cetirizine', '1 tablet daily', 5),
(730, 849, 'Amoxicillin', '2 tablets daily', 10),
(731, 853, 'Metformin', '2 tablets daily', 5),
(732, 853, 'Cetirizine', '2 tablets daily', 14),
(733, 854, 'Azithromycin', '2 tablets daily', 7),
(734, 854, 'Cetirizine', '2 tablets daily', 14),
(735, 855, 'Vitamin D', 'After meals', 14),
(736, 859, 'Cetirizine', '2 tablets daily', 5),
(737, 862, 'Azithromycin', 'Before sleep', 14),
(738, 862, 'Vitamin D', '1 tablet daily', 7),
(739, 862, 'Amoxicillin', '1 tablet daily', 14),
(740, 864, 'Cetirizine', '1 tablet daily', 10),
(741, 864, 'Ibuprofen', 'After meals', 14),
(742, 866, 'Azithromycin', '2 tablets daily', 14),
(743, 867, 'Cetirizine', 'Before sleep', 3),
(744, 867, 'Metformin', 'After meals', 5),
(745, 868, 'Pantoprazole', 'After meals', 10),
(746, 869, 'Azithromycin', 'After meals', 5),
(747, 869, 'Vitamin D', '2 tablets daily', 5),
(748, 870, 'Ibuprofen', 'Before sleep', 3),
(749, 871, 'Cetirizine', 'After meals', 10),
(750, 871, 'Amoxicillin', 'After meals', 7),
(751, 874, 'Metformin', 'Before sleep', 3),
(752, 874, 'Pantoprazole', 'Before sleep', 14),
(753, 876, 'Azithromycin', '2 tablets daily', 14),
(754, 877, 'Metformin', '1 tablet daily', 14),
(755, 877, 'Azithromycin', 'After meals', 7),
(756, 879, 'Azithromycin', '2 tablets daily', 14),
(757, 881, 'Cetirizine', '2 tablets daily', 3),
(758, 881, 'Ibuprofen', 'Before sleep', 14),
(759, 881, 'Pantoprazole', '1 tablet daily', 3),
(760, 883, 'Amoxicillin', 'After meals', 7),
(761, 883, 'Azithromycin', 'After meals', 3),
(762, 885, 'Cetirizine', 'Before sleep', 14),
(763, 887, 'Azithromycin', '1 tablet daily', 7),
(764, 887, 'Pantoprazole', 'Before sleep', 7),
(765, 887, 'Cetirizine', 'Before sleep', 5),
(766, 888, 'Ibuprofen', '1 tablet daily', 5),
(767, 889, 'Vitamin D', '1 tablet daily', 10),
(768, 889, 'Azithromycin', 'Before sleep', 5),
(769, 889, 'Ibuprofen', 'Before sleep', 10),
(770, 890, 'Ibuprofen', '2 tablets daily', 14),
(771, 891, 'Paracetamol', '1 tablet daily', 10),
(772, 891, 'Vitamin D', 'After meals', 5),
(773, 893, 'Pantoprazole', '2 tablets daily', 14),
(774, 894, 'Azithromycin', '1 tablet daily', 14),
(775, 894, 'Cetirizine', 'Before sleep', 5),
(776, 894, 'Pantoprazole', 'Before sleep', 5),
(777, 896, 'Amoxicillin', 'After meals', 3),
(778, 896, 'Vitamin D', '2 tablets daily', 10),
(779, 896, 'Paracetamol', '1 tablet daily', 14),
(780, 899, 'Amoxicillin', '2 tablets daily', 7),
(781, 899, 'Cetirizine', '1 tablet daily', 7),
(782, 899, 'Paracetamol', 'Before sleep', 5);

-- Quick sanity queries
SELECT COUNT(*) AS patients_count FROM patients;
SELECT COUNT(*) AS doctors_count FROM doctors;
SELECT COUNT(*) AS appointments_count FROM appointments;
SELECT COUNT(*) AS payments_count FROM payments;
SELECT COUNT(*) AS prescriptions_count FROM prescriptions;